financial_year_waste,council,topology,Median age - persons (years),Average household size (no. of persons),Estimated resident population (no.),Christianity (%),Islam (%),Hinduism (%),Buddhism (%),"Secular beliefs, other spiritual beliefs or no religion (%)",Born in Oceania and Antarctica (excluding Australia) (%),Born in North-West Europe (%),Born in Southern and Eastern Europe (%),Born in North Africa and the Middle East (%),Born in South-East Asia (%),Born in North-East Asia (%),Born in Southern and Central Asia (%),Born in Americas (%),Born in Sub-Saharan Africa (%),Total born overseas (%),Speaks a language other than English at home (%),Net internal migration (no.),Median employee income ($),Mean employee income ($),Employee income as main source of income (%),Total income (excl. Government pensions and allowances) ($m),premises_residential,premises_with_garbage_service_residential,garbage_service_frequency,garbage_collected_total_tonnes,kerbside_organics_premises_residential,kerbside_organics_bin_frequency,kerbside_organics_fogo_included,kerbside_organics_collected_tonnes
2018-2019,Alpine Shire Council,Rural Area,48.8,2.3,"13,166",40.9,0.2,0.5,0.6,48.5,1.4,6.3,2.6,0.1,1.4,0.4,0.6,1.0,0.4,14.2,6.9,155,"42,526","50,135",69.4,392.6,7085,5368,Weekly,2204.0,,,,
2019-2020,Alpine Shire Council,Rural Area,48.8,2.3,"13,166",40.9,0.2,0.5,0.6,48.5,1.4,6.3,2.6,0.1,1.4,0.4,0.6,1.0,0.4,14.2,6.9,155,"42,526","50,135",69.4,392.6,7333,6285,Weekly,2085.0,0.0,,,0.0
2020-2021,Alpine Shire Council,Rural Area,48.8,2.3,"13,166",40.9,0.2,0.5,0.6,48.5,1.4,6.3,2.6,0.1,1.4,0.4,0.6,1.0,0.4,14.2,6.9,155,"42,526","50,135",69.4,392.6,7409,6362,Weekly,2213.0,,,,
2021-2022,Alpine Shire Council,Rural Area,48.8,2.3,"13,166",40.9,0.2,0.5,0.6,48.5,1.4,6.3,2.6,0.1,1.4,0.4,0.6,1.0,0.4,14.2,6.9,155,"42,526","50,135",69.4,392.6,5384,4257,Weekly,2259.1,,,,
2022-2023,Alpine Shire Council,Rural Area,48.8,2.3,"13,166",40.9,0.2,0.5,0.6,48.5,1.4,6.3,2.6,0.1,1.4,0.4,0.6,1.0,0.4,14.2,6.9,155,"42,526","50,135",69.4,392.6,5338,6933,Weekly,2110.0,,,,
2018-2019,Ararat Rural City Council,Rural Area,46.2,2.2,"11,827",38.4,0.7,0.7,0.5,44.6,2.1,3.3,0.9,0.4,1.3,0.8,1.7,0.4,0.3,11.3,5.0,-5,"46,711","51,689",73.4,341.3,5612,4411,Weekly,2600.92,,,,
2019-2020,Ararat Rural City Council,Rural Area,46.2,2.2,"11,827",38.4,0.7,0.7,0.5,44.6,2.1,3.3,0.9,0.4,1.3,0.8,1.7,0.4,0.3,11.3,5.0,-5,"46,711","51,689",73.4,341.3,5618,4433,Weekly,2796.96,,,,
2020-2021,Ararat Rural City Council,Rural Area,46.2,2.2,"11,827",38.4,0.7,0.7,0.5,44.6,2.1,3.3,0.9,0.4,1.3,0.8,1.7,0.4,0.3,11.3,5.0,-5,"46,711","51,689",73.4,341.3,5628,4465,Weekly,3041.29,,,,
2021-2022,Ararat Rural City Council,Rural Area,46.2,2.2,"11,827",38.4,0.7,0.7,0.5,44.6,2.1,3.3,0.9,0.4,1.3,0.8,1.7,0.4,0.3,11.3,5.0,-5,"46,711","51,689",73.4,341.3,4763,4284,Weekly,2985.91,0.0,Other,No,
2022-2023,Ararat Rural City Council,Rural Area,46.2,2.2,"11,827",38.4,0.7,0.7,0.5,44.6,2.1,3.3,0.9,0.4,1.3,0.8,1.7,0.4,0.3,11.3,5.0,-5,"46,711","51,689",73.4,341.3,4358,4665,Weekly,2559.0,4358.0,Fortnightly,No,540.0
2018-2019,Ballarat City Council,Regional City,38.5,2.4,"113,504",42.0,0.7,1.2,0.8,48.0,1.0,3.7,0.7,0.3,1.3,0.9,2.3,0.6,0.6,11.3,7.0,"1,678","51,302","58,747",79.2,"3,721.70",47314,45900,Weekly,19438.66,35389.0,Fortnightly,No,8885.22
2019-2020,Ballarat City Council,Regional City,38.5,2.4,"113,504",42.0,0.7,1.2,0.8,48.0,1.0,3.7,0.7,0.3,1.3,0.9,2.3,0.6,0.6,11.3,7.0,"1,678","51,302","58,747",79.2,"3,721.70",48495,46768,Fortnightly,21884.82,37461.0,Fortnightly,No,10748.93
2020-2021,Ballarat City Council,Regional City,38.5,2.4,"113,504",42.0,0.7,1.2,0.8,48.0,1.0,3.7,0.7,0.3,1.3,0.9,2.3,0.6,0.6,11.3,7.0,"1,678","51,302","58,747",79.2,"3,721.70",49645,47911,Weekly,23705.68,37964.0,Fortnightly,No,10253.59
2021-2022,Ballarat City Council,Regional City,38.5,2.4,"113,504",42.0,0.7,1.2,0.8,48.0,1.0,3.7,0.7,0.3,1.3,0.9,2.3,0.6,0.6,11.3,7.0,"1,678","51,302","58,747",79.2,"3,721.70",50515,49096,Weekly,24348.36,37964.0,Fortnightly,No,12900.0
2022-2023,Ballarat City Council,Regional City,38.5,2.4,"113,504",42.0,0.7,1.2,0.8,48.0,1.0,3.7,0.7,0.3,1.3,0.9,2.3,0.6,0.6,11.3,7.0,"1,678","51,302","58,747",79.2,"3,721.70",47990,49103,Weekly,22802.0,39200.0,Fortnightly,No,12815.75
2018-2019,Banyule City Council,Metropolitan Suburb,40.3,2.5,"127,370",44.5,2.4,1.8,1.9,43.6,1.3,4.6,4.5,1.6,3.0,4.0,3.1,1.1,1.2,24.4,21.8,"-2,255","61,256","73,550",75.8,"5,717.30",48463,48463,Weekly,20742.0,48463.0,Fortnightly,No,9064.0
2019-2020,Banyule City Council,Metropolitan Suburb,40.3,2.5,"127,370",44.5,2.4,1.8,1.9,43.6,1.3,4.6,4.5,1.6,3.0,4.0,3.1,1.1,1.2,24.4,21.8,"-2,255","61,256","73,550",75.8,"5,717.30",49900,49900,Weekly,21257.0,49900.0,Fortnightly,No,11754.0
2020-2021,Banyule City Council,Metropolitan Suburb,40.3,2.5,"127,370",44.5,2.4,1.8,1.9,43.6,1.3,4.6,4.5,1.6,3.0,4.0,3.1,1.1,1.2,24.4,21.8,"-2,255","61,256","73,550",75.8,"5,717.30",50200,50200,Weekly,22292.0,50200.0,Fortnightly,No,12185.0
2021-2022,Banyule City Council,Metropolitan Suburb,40.3,2.5,"127,370",44.5,2.4,1.8,1.9,43.6,1.3,4.6,4.5,1.6,3.0,4.0,3.1,1.1,1.2,24.4,21.8,"-2,255","61,256","73,550",75.8,"5,717.30",53701,49623,Weekly,20875.0,50200.0,Weekly,Yes,11285.0
2022-2023,Banyule City Council,Metropolitan Suburb,40.3,2.5,"127,370",44.5,2.4,1.8,1.9,43.6,1.3,4.6,4.5,1.6,3.0,4.0,3.1,1.1,1.2,24.4,21.8,"-2,255","61,256","73,550",75.8,"5,717.30",53134,53478,Fortnightly,16254.0,53478.0,Weekly,Yes,16869.0
2018-2019,Bass Coast Shire Council,Rural Area,51.2,2.2,"40,675",39.2,0.2,0.4,1.0,50.1,1.6,8.0,1.7,0.2,1.1,0.4,0.9,0.7,0.6,15.1,5.1,"1,482","42,814","51,046",66.5,"1,026.60",28062,26816,Fortnightly,4437.0,26816.0,Weekly,Yes,9383.0
2019-2020,Bass Coast Shire Council,Rural Area,51.2,2.2,"40,675",39.2,0.2,0.4,1.0,50.1,1.6,8.0,1.7,0.2,1.1,0.4,0.9,0.7,0.6,15.1,5.1,"1,482","42,814","51,046",66.5,"1,026.60",28340,27284,Fortnightly,4745.0,27284.0,Weekly,Yes,11105.0
2020-2021,Bass Coast Shire Council,Rural Area,51.2,2.2,"40,675",39.2,0.2,0.4,1.0,50.1,1.6,8.0,1.7,0.2,1.1,0.4,0.9,0.7,0.6,15.1,5.1,"1,482","42,814","51,046",66.5,"1,026.60",26308,28010,Fortnightly,5310.3,28010.0,Weekly,Yes,11899.0
2021-2022,Bass Coast Shire Council,Rural Area,51.2,2.2,"40,675",39.2,0.2,0.4,1.0,50.1,1.6,8.0,1.7,0.2,1.1,0.4,0.9,0.7,0.6,15.1,5.1,"1,482","42,814","51,046",66.5,"1,026.60",29729,27232,Fortnightly,5859.74,27232.0,Weekly,Yes,11997.0
2022-2023,Bass Coast Shire Council,Rural Area,51.2,2.2,"40,675",39.2,0.2,0.4,1.0,50.1,1.6,8.0,1.7,0.2,1.1,0.4,0.9,0.7,0.6,15.1,5.1,"1,482","42,814","51,046",66.5,"1,026.60",27707,27775,Fortnightly,5890.84,27775.0,Weekly,Yes,12234.76
2018-2019,Baw Baw Shire Council,Rural Area,41.3,2.5,"57,618",41.7,0.3,0.4,0.8,48.7,1.3,5.7,1.1,0.2,0.9,0.6,1.0,0.5,0.7,12.0,4.9,"1,529","50,344","58,316",74.5,"1,809.50",20534,20269,Weekly,9532.82,20182.0,Fortnightly,No,5726.64
2019-2020,Baw Baw Shire Council,Rural Area,41.3,2.5,"57,618",41.7,0.3,0.4,0.8,48.7,1.3,5.7,1.1,0.2,0.9,0.6,1.0,0.5,0.7,12.0,4.9,"1,529","50,344","58,316",74.5,"1,809.50",21290,21056,Weekly,9948.26,20967.0,Fortnightly,No,7130.73
2020-2021,Baw Baw Shire Council,Rural Area,41.3,2.5,"57,618",41.7,0.3,0.4,0.8,48.7,1.3,5.7,1.1,0.2,0.9,0.6,1.0,0.5,0.7,12.0,4.9,"1,529","50,344","58,316",74.5,"1,809.50",24375,21883,Weekly,10840.76,21883.0,Fortnightly,No,7205.83
2021-2022,Baw Baw Shire Council,Rural Area,41.3,2.5,"57,618",41.7,0.3,0.4,0.8,48.7,1.3,5.7,1.1,0.2,0.9,0.6,1.0,0.5,0.7,12.0,4.9,"1,529","50,344","58,316",74.5,"1,809.50",22609,22951,Weekly,11247.0,21883.0,Fortnightly,No,7258.32
2022-2023,Baw Baw Shire Council,Rural Area,41.3,2.5,"57,618",41.7,0.3,0.4,0.8,48.7,1.3,5.7,1.1,0.2,0.9,0.6,1.0,0.5,0.7,12.0,4.9,"1,529","50,344","58,316",74.5,"1,809.50",23592,25259,Weekly,11268.99,23476.0,Fortnightly,No,7590.51
2018-2019,Bayside City Council,Metropolitan Suburb,45.4,2.5,"102,328",44.5,0.7,0.8,1.2,44.5,1.9,9.6,4.1,1.1,1.8,3.2,1.5,1.9,1.8,26.8,15.4,-749,"54,170","64,022",81.3,"6,799.30",38715,38715,Weekly,20131.4,29000.0,Fortnightly,,9766.0
2019-2020,Bayside City Council,Metropolitan Suburb,45.4,2.5,"102,328",44.5,0.7,0.8,1.2,44.5,1.9,9.6,4.1,1.1,1.8,3.2,1.5,1.9,1.8,26.8,15.4,-749,"54,170","64,022",81.3,"6,799.30",38602,38602,Weekly,18555.36,31348.0,Fortnightly,Yes,13618.0
2020-2021,Bayside City Council,Metropolitan Suburb,45.4,2.5,"102,328",44.5,0.7,0.8,1.2,44.5,1.9,9.6,4.1,1.1,1.8,3.2,1.5,1.9,1.8,26.8,15.4,-749,"54,170","64,022",81.3,"6,799.30",38800,38800,Weekly,17588.43,32000.0,Fortnightly,Yes,14105.0
2021-2022,Bayside City Council,Metropolitan Suburb,45.4,2.5,"102,328",44.5,0.7,0.8,1.2,44.5,1.9,9.6,4.1,1.1,1.8,3.2,1.5,1.9,1.8,26.8,15.4,-749,"54,170","64,022",81.3,"6,799.30",40955,40955,Weekly,16808.46,38000.0,Fortnightly,Yes,14251.73
2022-2023,Bayside City Council,Metropolitan Suburb,45.4,2.5,"102,328",44.5,0.7,0.8,1.2,44.5,1.9,9.6,4.1,1.1,1.8,3.2,1.5,1.9,1.8,26.8,15.4,-749,"54,170","64,022",81.3,"6,799.30",42475,38843,Fortnightly,11467.6,34816.0,Weekly,Yes,18193.12
2018-2019,Benalla Rural City Council,Rural Area,51.0,2.2,"14,436",45.0,0.4,0.5,0.5,42.9,0.9,4.7,0.8,0.2,0.7,0.3,1.1,0.4,0.3,9.3,3.6,51,"48,364","53,564",71.0,406.4,7448,7432,Fortnightly,2036.0,5662.0,Weekly,Yes,1557.7
2019-2020,Benalla Rural City Council,Rural Area,51.0,2.2,"14,436",45.0,0.4,0.5,0.5,42.9,0.9,4.7,0.8,0.2,0.7,0.3,1.1,0.4,0.3,9.3,3.6,51,"48,364","53,564",71.0,406.4,7542,7545,Fortnightly,2124.2,5830.0,Weekly,Yes,1712.0
2020-2021,Benalla Rural City Council,Rural Area,51.0,2.2,"14,436",45.0,0.4,0.5,0.5,42.9,0.9,4.7,0.8,0.2,0.7,0.3,1.1,0.4,0.3,9.3,3.6,51,"48,364","53,564",71.0,406.4,7177,7735,Fortnightly,2257.0,5747.0,Weekly,Yes,1998.28
2021-2022,Benalla Rural City Council,Rural Area,51.0,2.2,"14,436",45.0,0.4,0.5,0.5,42.9,0.9,4.7,0.8,0.2,0.7,0.3,1.1,0.4,0.3,9.3,3.6,51,"48,364","53,564",71.0,406.4,5286,6212,Fortnightly,2256.22,4944.0,Weekly,Yes,1921.84
2022-2023,Benalla Rural City Council,Rural Area,51.0,2.2,"14,436",45.0,0.4,0.5,0.5,42.9,0.9,4.7,0.8,0.2,0.7,0.3,1.1,0.4,0.3,9.3,3.6,51,"48,364","53,564",71.0,406.4,5126,6284,Fortnightly,2287.9,5899.0,Weekly,Yes,1793.8
2018-2019,Boroondara City Council,Metropolitan Suburb,40.4,2.5,"169,789",41.5,1.1,2.6,3.3,45.2,1.6,4.6,3.0,1.2,5.4,10.4,3.7,1.6,1.0,32.4,28.7,"-3,136","61,699","90,383",64.6,"11,716.10",71927,62906,Weekly,35798.0,43821.0,Fortnightly,,15333.0
2019-2020,Boroondara City Council,Metropolitan Suburb,40.4,2.5,"169,789",41.5,1.1,2.6,3.3,45.2,1.6,4.6,3.0,1.2,5.4,10.4,3.7,1.6,1.0,32.4,28.7,"-3,136","61,699","90,383",64.6,"11,716.10",72459,58952,Weekly,38684.0,52414.0,Fortnightly,Yes,20528.0
2020-2021,Boroondara City Council,Metropolitan Suburb,40.4,2.5,"169,789",41.5,1.1,2.6,3.3,45.2,1.6,4.6,3.0,1.2,5.4,10.4,3.7,1.6,1.0,32.4,28.7,"-3,136","61,699","90,383",64.6,"11,716.10",63200,63200,Fortnightly,19237.0,63200.0,Weekly,Yes,30741.19
2021-2022,Boroondara City Council,Metropolitan Suburb,40.4,2.5,"169,789",41.5,1.1,2.6,3.3,45.2,1.6,4.6,3.0,1.2,5.4,10.4,3.7,1.6,1.0,32.4,28.7,"-3,136","61,699","90,383",64.6,"11,716.10",74441,74441,Fortnightly,17832.0,74441.0,Weekly,Yes,29261.0
2022-2023,Boroondara City Council,Metropolitan Suburb,40.4,2.5,"169,789",41.5,1.1,2.6,3.3,45.2,1.6,4.6,3.0,1.2,5.4,10.4,3.7,1.6,1.0,32.4,28.7,"-3,136","61,699","90,383",64.6,"11,716.10",73215,65217,Fortnightly,17513.0,57785.0,Weekly,Yes,28350.0
2018-2019,Brimbank City Council,Metropolitan Suburb,37.6,2.9,"196,631",48.3,6.7,3.1,11.1,21.2,2.3,1.8,10.4,3.0,18.9,1.6,7.2,1.3,1.6,48.1,57.3,"-6,275","48,382","53,983",82.0,"5,672.60",69869,69869,Weekly,42742.0,40942.0,Fortnightly,,11156.0
2019-2020,Brimbank City Council,Metropolitan Suburb,37.6,2.9,"196,631",48.3,6.7,3.1,11.1,21.2,2.3,1.8,10.4,3.0,18.9,1.6,7.2,1.3,1.6,48.1,57.3,"-6,275","48,382","53,983",82.0,"5,672.60",70728,70728,Weekly,43951.0,42250.0,Fortnightly,,14911.0
2020-2021,Brimbank City Council,Metropolitan Suburb,37.6,2.9,"196,631",48.3,6.7,3.1,11.1,21.2,2.3,1.8,10.4,3.0,18.9,1.6,7.2,1.3,1.6,48.1,57.3,"-6,275","48,382","53,983",82.0,"5,672.60",70733,70733,Weekly,46187.0,43904.0,Fortnightly,,15526.0
2021-2022,Brimbank City Council,Metropolitan Suburb,37.6,2.9,"196,631",48.3,6.7,3.1,11.1,21.2,2.3,1.8,10.4,3.0,18.9,1.6,7.2,1.3,1.6,48.1,57.3,"-6,275","48,382","53,983",82.0,"5,672.60",71000,71000,Weekly,44388.0,43000.0,Fortnightly,Yes,15838.0
2022-2023,Brimbank City Council,Metropolitan Suburb,37.6,2.9,"196,631",48.3,6.7,3.1,11.1,21.2,2.3,1.8,10.4,3.0,18.9,1.6,7.2,1.3,1.6,48.1,57.3,"-6,275","48,382","53,983",82.0,"5,672.60",69932,71828,Weekly,42086.0,43500.0,Fortnightly,Yes,15869.0
2018-2019,Buloke Shire Council,Rural Area,52.0,2.2,"6,132",52.9,0.2,0.4,0.6,35.8,0.9,2.3,0.5,0.1,1.1,0.2,0.8,0.2,0.4,6.4,3.3,-5,"40,576","46,127",62.1,186.1,2609,2609,Weekly,2176.0,,,,
2019-2020,Buloke Shire Council,Rural Area,52.0,2.2,"6,132",52.9,0.2,0.4,0.6,35.8,0.9,2.3,0.5,0.1,1.1,0.2,0.8,0.2,0.4,6.4,3.3,-5,"40,576","46,127",62.1,186.1,2618,2615,Weekly,2164.0,,,,
2020-2021,Buloke Shire Council,Rural Area,52.0,2.2,"6,132",52.9,0.2,0.4,0.6,35.8,0.9,2.3,0.5,0.1,1.1,0.2,0.8,0.2,0.4,6.4,3.3,-5,"40,576","46,127",62.1,186.1,2615,2615,Weekly,2297.0,,,,
2021-2022,Buloke Shire Council,Rural Area,52.0,2.2,"6,132",52.9,0.2,0.4,0.6,35.8,0.9,2.3,0.5,0.1,1.1,0.2,0.8,0.2,0.4,6.4,3.3,-5,"40,576","46,127",62.1,186.1,2947,2493,Weekly,2045.9,,,,
2022-2023,Buloke Shire Council,Rural Area,52.0,2.2,"6,132",52.9,0.2,0.4,0.6,35.8,0.9,2.3,0.5,0.1,1.1,0.2,0.8,0.2,0.4,6.4,3.3,-5,"40,576","46,127",62.1,186.1,2665,2636,Weekly,1830.0,,,,
2018-2019,Campaspe Shire Council,Rural Area,46.5,2.4,"38,556",48.5,0.3,0.3,0.6,41.7,1.1,2.8,0.8,0.1,1.3,0.3,0.7,0.2,0.2,7.6,3.9,93,"47,020","51,938",73.7,"1,125.80",17892,16071,Weekly,7576.0,6658.0,Fortnightly,,1109.0
2019-2020,Campaspe Shire Council,Rural Area,46.5,2.4,"38,556",48.5,0.3,0.3,0.6,41.7,1.1,2.8,0.8,0.1,1.3,0.3,0.7,0.2,0.2,7.6,3.9,93,"47,020","51,938",73.7,"1,125.80",17417,17925,Weekly,7443.0,7689.0,Fortnightly,Yes,3057.0
2020-2021,Campaspe Shire Council,Rural Area,46.5,2.4,"38,556",48.5,0.3,0.3,0.6,41.7,1.1,2.8,0.8,0.1,1.3,0.3,0.7,0.2,0.2,7.6,3.9,93,"47,020","51,938",73.7,"1,125.80",17597,18132,Weekly,7973.0,8594.0,Fortnightly,Yes,3504.0
2021-2022,Campaspe Shire Council,Rural Area,46.5,2.4,"38,556",48.5,0.3,0.3,0.6,41.7,1.1,2.8,0.8,0.1,1.3,0.3,0.7,0.2,0.2,7.6,3.9,93,"47,020","51,938",73.7,"1,125.80",15849,15356,Weekly,8009.18,9372.0,Fortnightly,Yes,3764.0
2022-2023,Campaspe Shire Council,Rural Area,46.5,2.4,"38,556",48.5,0.3,0.3,0.6,41.7,1.1,2.8,0.8,0.1,1.3,0.3,0.7,0.2,0.2,7.6,3.9,93,"47,020","51,938",73.7,"1,125.80",12707,14757,Weekly,7327.93,9447.0,Fortnightly,Yes,3701.58
2018-2019,Cardinia Shire Council,Peri-Urban Area,34.4,2.8,"119,573",38.4,2.6,2.7,2.3,44.3,2.1,5.6,1.6,1.1,2.3,0.9,7.5,0.8,1.5,23.5,17.8,"1,583","53,106","59,493",82.0,"3,881.20",38872,38872,Weekly,19852.41,22738.0,Fortnightly,,7255.54
2019-2020,Cardinia Shire Council,Peri-Urban Area,34.4,2.8,"119,573",38.4,2.6,2.7,2.3,44.3,2.1,5.6,1.6,1.1,2.3,0.9,7.5,0.8,1.5,23.5,17.8,"1,583","53,106","59,493",82.0,"3,881.20",44507,44647,Weekly,21939.6,24542.0,Fortnightly,,9383.0
2020-2021,Cardinia Shire Council,Peri-Urban Area,34.4,2.8,"119,573",38.4,2.6,2.7,2.3,44.3,2.1,5.6,1.6,1.1,2.3,0.9,7.5,0.8,1.5,23.5,17.8,"1,583","53,106","59,493",82.0,"3,881.20",44090,42496,Weekly,22395.77,26852.0,Fortnightly,Yes,10194.92
2021-2022,Cardinia Shire Council,Peri-Urban Area,34.4,2.8,"119,573",38.4,2.6,2.7,2.3,44.3,2.1,5.6,1.6,1.1,2.3,0.9,7.5,0.8,1.5,23.5,17.8,"1,583","53,106","59,493",82.0,"3,881.20",44736,40959,Weekly,22609.45,25479.0,Fortnightly,Yes,10137.3
2022-2023,Cardinia Shire Council,Peri-Urban Area,34.4,2.8,"119,573",38.4,2.6,2.7,2.3,44.3,2.1,5.6,1.6,1.1,2.3,0.9,7.5,0.8,1.5,23.5,17.8,"1,583","53,106","59,493",82.0,"3,881.20",42931,43285,Weekly,22771.22,28458.0,Fortnightly,Yes,10501.69
2018-2019,Casey City Council,Metropolitan Suburb,34.1,3.1,"369,558",39.0,10.5,6.3,5.0,28.6,3.5,3.7,3.5,2.3,4.9,2.1,18.7,1.0,2.3,42.0,41.8,"2,336","52,717","58,271",82.8,"11,404.20",112622,110356,Weekly,61906.0,102883.0,Fortnightly,No,32039.0
2019-2020,Casey City Council,Metropolitan Suburb,34.1,3.1,"369,558",39.0,10.5,6.3,5.0,28.6,3.5,3.7,3.5,2.3,4.9,2.1,18.7,1.0,2.3,42.0,41.8,"2,336","52,717","58,271",82.8,"11,404.20",118480,118566,Weekly,65759.0,109223.0,Fortnightly,No,39162.0
2020-2021,Casey City Council,Metropolitan Suburb,34.1,3.1,"369,558",39.0,10.5,6.3,5.0,28.6,3.5,3.7,3.5,2.3,4.9,2.1,18.7,1.0,2.3,42.0,41.8,"2,336","52,717","58,271",82.8,"11,404.20",121061,121061,Weekly,67054.0,108805.0,Fortnightly,Yes,40342.3
2021-2022,Casey City Council,Metropolitan Suburb,34.1,3.1,"369,558",39.0,10.5,6.3,5.0,28.6,3.5,3.7,3.5,2.3,4.9,2.1,18.7,1.0,2.3,42.0,41.8,"2,336","52,717","58,271",82.8,"11,404.20",129472,125069,Weekly,68443.4,113605.0,Fortnightly,Yes,39542.92
2022-2023,Casey City Council,Metropolitan Suburb,34.1,3.1,"369,558",39.0,10.5,6.3,5.0,28.6,3.5,3.7,3.5,2.3,4.9,2.1,18.7,1.0,2.3,42.0,41.8,"2,336","52,717","58,271",82.8,"11,404.20",125807,126671,Weekly,67422.34,113497.0,Fortnightly,Yes,38614.87
2018-2019,Central Goldfields Shire Council,Rural Area,52.2,2.1,"13,388",44.2,0.1,0.3,0.5,45.0,1.0,5.1,0.9,0.1,0.9,0.2,0.6,0.3,0.2,9.2,3.0,138,"43,801","47,723",74.5,271.8,7254,6106,Weekly,2289.0,1300.0,Fortnightly,Yes,378.74
2019-2020,Central Goldfields Shire Council,Rural Area,52.2,2.1,"13,388",44.2,0.1,0.3,0.5,45.0,1.0,5.1,0.9,0.1,0.9,0.2,0.6,0.3,0.2,9.2,3.0,138,"43,801","47,723",74.5,271.8,7323,6136,Weekly,2086.0,1433.0,Fortnightly,Yes,520.87
2020-2021,Central Goldfields Shire Council,Rural Area,52.2,2.1,"13,388",44.2,0.1,0.3,0.5,45.0,1.0,5.1,0.9,0.1,0.9,0.2,0.6,0.3,0.2,9.2,3.0,138,"43,801","47,723",74.5,271.8,7334,6176,Weekly,2228.81,1636.0,Fortnightly,Yes,656.84
2021-2022,Central Goldfields Shire Council,Rural Area,52.2,2.1,"13,388",44.2,0.1,0.3,0.5,45.0,1.0,5.1,0.9,0.1,0.9,0.2,0.6,0.3,0.2,9.2,3.0,138,"43,801","47,723",74.5,271.8,6356,6242,Weekly,2414.18,1814.0,Other,Yes,585.06
2022-2023,Central Goldfields Shire Council,Rural Area,52.2,2.1,"13,388",44.2,0.1,0.3,0.5,45.0,1.0,5.1,0.9,0.1,0.9,0.2,0.6,0.3,0.2,9.2,3.0,138,"43,801","47,723",74.5,271.8,6593,6313,Weekly,2410.43,2038.0,twice monthly,Yes,719.0
2018-2019,Colac Otway Shire Council,Rural Area,45.3,2.3,"22,309",43.3,0.4,0.4,0.8,46.2,1.3,3.7,0.8,0.3,1.0,1.7,0.9,0.3,0.3,10.3,5.8,-113,"45,992","50,431",72.1,681.7,13608,9979,Weekly,5164.97,9979.0,Fortnightly,Yes,2557.51
2019-2020,Colac Otway Shire Council,Rural Area,45.3,2.3,"22,309",43.3,0.4,0.4,0.8,46.2,1.3,3.7,0.8,0.3,1.0,1.7,0.9,0.3,0.3,10.3,5.8,-113,"45,992","50,431",72.1,681.7,13608,10111,Weekly,5325.76,10111.0,Fortnightly,Yes,3119.08
2020-2021,Colac Otway Shire Council,Rural Area,45.3,2.3,"22,309",43.3,0.4,0.4,0.8,46.2,1.3,3.7,0.8,0.3,1.0,1.7,0.9,0.3,0.3,10.3,5.8,-113,"45,992","50,431",72.1,681.7,10265,10265,Weekly,4065.0,10265.0,Fortnightly,Yes,3327.0
2021-2022,Colac Otway Shire Council,Rural Area,45.3,2.3,"22,309",43.3,0.4,0.4,0.8,46.2,1.3,3.7,0.8,0.3,1.0,1.7,0.9,0.3,0.3,10.3,5.8,-113,"45,992","50,431",72.1,681.7,12444,10598,Weekly,4114.0,10598.0,Fortnightly,Yes,3091.0
2022-2023,Colac Otway Shire Council,Rural Area,45.3,2.3,"22,309",43.3,0.4,0.4,0.8,46.2,1.3,3.7,0.8,0.3,1.0,1.7,0.9,0.3,0.3,10.3,5.8,-113,"45,992","50,431",72.1,681.7,11237,10600,Weekly,3907.0,10600.0,Fortnightly,Yes,3160.0
2018-2019,Corangamite Shire Council,Rural Area,47.7,2.3,"16,030",48.7,0.2,0.1,0.3,41.6,1.9,3.2,0.4,0.1,0.7,0.2,0.4,0.4,0.2,7.4,2.5,-72,"45,175","50,210",65.2,516.9,4743,4743,Weekly,1785.0,4743.0,Fortnightly,Yes,1759.0
2019-2020,Corangamite Shire Council,Rural Area,47.7,2.3,"16,030",48.7,0.2,0.1,0.3,41.6,1.9,3.2,0.4,0.1,0.7,0.2,0.4,0.4,0.2,7.4,2.5,-72,"45,175","50,210",65.2,516.9,4788,4788,Weekly,1814.0,4788.0,Fortnightly,Yes,2044.0
2020-2021,Corangamite Shire Council,Rural Area,47.7,2.3,"16,030",48.7,0.2,0.1,0.3,41.6,1.9,3.2,0.4,0.1,0.7,0.2,0.4,0.4,0.2,7.4,2.5,-72,"45,175","50,210",65.2,516.9,4801,4801,Weekly,1929.0,4801.0,Fortnightly,Yes,2180.0
2021-2022,Corangamite Shire Council,Rural Area,47.7,2.3,"16,030",48.7,0.2,0.1,0.3,41.6,1.9,3.2,0.4,0.1,0.7,0.2,0.4,0.4,0.2,7.4,2.5,-72,"45,175","50,210",65.2,516.9,6494,4889,Weekly,1872.0,4889.0,Fortnightly,Yes,2085.0
2022-2023,Corangamite Shire Council,Rural Area,47.7,2.3,"16,030",48.7,0.2,0.1,0.3,41.6,1.9,3.2,0.4,0.1,0.7,0.2,0.4,0.4,0.2,7.4,2.5,-72,"45,175","50,210",65.2,516.9,5972,5563,Weekly,1955.0,5563.0,Weekly,Yes,2074.0
2018-2019,Darebin City Council,Metropolitan Suburb,37.3,2.4,"150,296",38.3,4.1,2.5,2.6,45.5,1.9,3.9,8.8,2.3,4.0,3.3,4.3,1.7,1.1,31.4,32.3,"-2,904","56,652","67,788",81.2,"6,279.10",66010,66010,Weekly,25826.0,39438.0,Fortnightly,,11468.0
2019-2020,Darebin City Council,Metropolitan Suburb,37.3,2.4,"150,296",38.3,4.1,2.5,2.6,45.5,1.9,3.9,8.8,2.3,4.0,3.3,4.3,1.7,1.1,31.4,32.3,"-2,904","56,652","67,788",81.2,"6,279.10",67051,61464,Weekly,25957.12,35856.0,Fortnightly,Yes,13196.0
2020-2021,Darebin City Council,Metropolitan Suburb,37.3,2.4,"150,296",38.3,4.1,2.5,2.6,45.5,1.9,3.9,8.8,2.3,4.0,3.3,4.3,1.7,1.1,31.4,32.3,"-2,904","56,652","67,788",81.2,"6,279.10",68461,63645,Weekly,19275.61,38974.0,Fortnightly,Yes,18684.88
2021-2022,Darebin City Council,Metropolitan Suburb,37.3,2.4,"150,296",38.3,4.1,2.5,2.6,45.5,1.9,3.9,8.8,2.3,4.0,3.3,4.3,1.7,1.1,31.4,32.3,"-2,904","56,652","67,788",81.2,"6,279.10",68461,61747,Weekly,25360.42,63325.0,Fortnightly,Yes,13534.0
2022-2023,Darebin City Council,Metropolitan Suburb,37.3,2.4,"150,296",38.3,4.1,2.5,2.6,45.5,1.9,3.9,8.8,2.3,4.0,3.3,4.3,1.7,1.1,31.4,32.3,"-2,904","56,652","67,788",81.2,"6,279.10",67875,63495,Weekly,24220.0,63553.0,Fortnightly,Yes,14557.8
2018-2019,East Gippsland Shire Council,Rural Area,51.9,2.2,"48,477",40.4,0.2,0.3,0.7,48.4,1.2,6.2,0.9,0.2,1.5,0.3,0.6,0.5,0.5,11.8,4.0,846,"43,752","50,654",70.4,"1,249.40",26000,19965,Weekly,6776.0,15392.0,Fortnightly,No,4000.0
2019-2020,East Gippsland Shire Council,Rural Area,51.9,2.2,"48,477",40.4,0.2,0.3,0.7,48.4,1.2,6.2,0.9,0.2,1.5,0.3,0.6,0.5,0.5,11.8,4.0,846,"43,752","50,654",70.4,"1,249.40",27180,20037,Weekly,7816.14,16820.0,Fortnightly,No,4486.8
2020-2021,East Gippsland Shire Council,Rural Area,51.9,2.2,"48,477",40.4,0.2,0.3,0.7,48.4,1.2,6.2,0.9,0.2,1.5,0.3,0.6,0.5,0.5,11.8,4.0,846,"43,752","50,654",70.4,"1,249.40",27373,20592,Weekly,8658.5,17404.0,Fortnightly,No,4997.2
2021-2022,East Gippsland Shire Council,Rural Area,51.9,2.2,"48,477",40.4,0.2,0.3,0.7,48.4,1.2,6.2,0.9,0.2,1.5,0.3,0.6,0.5,0.5,11.8,4.0,846,"43,752","50,654",70.4,"1,249.40",27993,21380,Weekly,9294.0,16875.0,Fortnightly,No,5651.21
2022-2023,East Gippsland Shire Council,Rural Area,51.9,2.2,"48,477",40.4,0.2,0.3,0.7,48.4,1.2,6.2,0.9,0.2,1.5,0.3,0.6,0.5,0.5,11.8,4.0,846,"43,752","50,654",70.4,"1,249.40",24065,21874,Weekly,8164.97,17282.0,Fortnightly,No,4717.72
2018-2019,Frankston City Council,Metropolitan Suburb,39.0,2.5,"140,824",38.2,0.8,1.0,1.2,50.9,2.6,8.1,2.6,0.7,2.1,1.2,2.0,1.0,1.2,21.3,11.3,"-1,533","54,633","61,312",81.5,"4,837.50",60163,55853,Weekly,24796.0,39789.0,Fortnightly,,13550.0
2019-2020,Frankston City Council,Metropolitan Suburb,39.0,2.5,"140,824",38.2,0.8,1.0,1.2,50.9,2.6,8.1,2.6,0.7,2.1,1.2,2.0,1.0,1.2,21.3,11.3,"-1,533","54,633","61,312",81.5,"4,837.50",60684,56240,Weekly,24833.0,41027.0,Fortnightly,Yes,16298.0
2020-2021,Frankston City Council,Metropolitan Suburb,39.0,2.5,"140,824",38.2,0.8,1.0,1.2,50.9,2.6,8.1,2.6,0.7,2.1,1.2,2.0,1.0,1.2,21.3,11.3,"-1,533","54,633","61,312",81.5,"4,837.50",61267,56635,Weekly,25805.0,42139.0,Fortnightly,Yes,17615.0
2021-2022,Frankston City Council,Metropolitan Suburb,39.0,2.5,"140,824",38.2,0.8,1.0,1.2,50.9,2.6,8.1,2.6,0.7,2.1,1.2,2.0,1.0,1.2,21.3,11.3,"-1,533","54,633","61,312",81.5,"4,837.50",61250,56880,Weekly,25777.0,43191.0,Fortnightly,Yes,17792.0
2022-2023,Frankston City Council,Metropolitan Suburb,39.0,2.5,"140,824",38.2,0.8,1.0,1.2,50.9,2.6,8.1,2.6,0.7,2.1,1.2,2.0,1.0,1.2,21.3,11.3,"-1,533","54,633","61,312",81.5,"4,837.50",56782,57130,Weekly,24545.0,45090.0,Fortnightly,Yes,17405.0
2018-2019,Gannawarra Shire Council,Rural Area,51.4,2.2,"10,615",48.6,0.1,0.2,0.5,40.6,0.6,2.3,0.4,0.1,0.9,0.2,0.5,0.2,0.4,5.6,2.4,55,"43,187","47,237",65.8,270.5,6736,5174,Weekly,2142.0,992.0,Fortnightly,No,451.0
2019-2020,Gannawarra Shire Council,Rural Area,51.4,2.2,"10,615",48.6,0.1,0.2,0.5,40.6,0.6,2.3,0.4,0.1,0.9,0.2,0.5,0.2,0.4,5.6,2.4,55,"43,187","47,237",65.8,270.5,6864,5216,Weekly,2321.0,992.0,Fortnightly,No,497.0
2020-2021,Gannawarra Shire Council,Rural Area,51.4,2.2,"10,615",48.6,0.1,0.2,0.5,40.6,0.6,2.3,0.4,0.1,0.9,0.2,0.5,0.2,0.4,5.6,2.4,55,"43,187","47,237",65.8,270.5,4766,5253,Weekly,2537.0,1174.0,Fortnightly,,565.0
2021-2022,Gannawarra Shire Council,Rural Area,51.4,2.2,"10,615",48.6,0.1,0.2,0.5,40.6,0.6,2.3,0.4,0.1,0.9,0.2,0.5,0.2,0.4,5.6,2.4,55,"43,187","47,237",65.8,270.5,4783,4193,Weekly,2374.0,1174.0,Fortnightly,No,614.0
2022-2023,Gannawarra Shire Council,Rural Area,51.4,2.2,"10,615",48.6,0.1,0.2,0.5,40.6,0.6,2.3,0.4,0.1,0.9,0.2,0.5,0.2,0.4,5.6,2.4,55,"43,187","47,237",65.8,270.5,3867,4229,Weekly,2176.03,1440.0,Fortnightly,No,495.0
2018-2019,Glen Eira City Council,Metropolitan Suburb,38.2,2.5,"150,638",31.8,0.8,4.4,2.1,37.6,1.7,5.4,6.6,2.3,3.5,6.1,5.9,2.0,2.9,36.3,30.9,"-1,387","59,228","76,465",73.2,"7,755.20",63315,58082,Weekly,27933.0,45000.0,Fortnightly,Yes,11373.0
2019-2020,Glen Eira City Council,Metropolitan Suburb,38.2,2.5,"150,638",31.8,0.8,4.4,2.1,37.6,1.7,5.4,6.6,2.3,3.5,6.1,5.9,2.0,2.9,36.3,30.9,"-1,387","59,228","76,465",73.2,"7,755.20",64910,57582,Weekly,28000.0,45000.0,Fortnightly,Yes,14000.0
2020-2021,Glen Eira City Council,Metropolitan Suburb,38.2,2.5,"150,638",31.8,0.8,4.4,2.1,37.6,1.7,5.4,6.6,2.3,3.5,6.1,5.9,2.0,2.9,36.3,30.9,"-1,387","59,228","76,465",73.2,"7,755.20",65916,56962,Weekly,28555.24,45800.0,Fortnightly,Yes,14862.96
2021-2022,Glen Eira City Council,Metropolitan Suburb,38.2,2.5,"150,638",31.8,0.8,4.4,2.1,37.6,1.7,5.4,6.6,2.3,3.5,6.1,5.9,2.0,2.9,36.3,30.9,"-1,387","59,228","76,465",73.2,"7,755.20",66563,66091,Fortnightly,20895.0,47290.0,Weekly,Yes,20817.0
2022-2023,Glen Eira City Council,Metropolitan Suburb,38.2,2.5,"150,638",31.8,0.8,4.4,2.1,37.6,1.7,5.4,6.6,2.3,3.5,6.1,5.9,2.0,2.9,36.3,30.9,"-1,387","59,228","76,465",73.2,"7,755.20",66802,57827,Fortnightly,20619.72,47740.0,Weekly,Yes,19758.12
2018-2019,Glenelg Shire Council,Rural Area,48.9,2.2,"20,058",42.2,0.1,0.4,0.5,47.3,1.5,3.8,0.6,0.1,1.1,0.1,0.6,0.4,0.4,8.7,2.9,-32,"48,634","55,185",73.8,617.9,9950,7590,Weekly,3473.08,,,,
2019-2020,Glenelg Shire Council,Rural Area,48.9,2.2,"20,058",42.2,0.1,0.4,0.5,47.3,1.5,3.8,0.6,0.1,1.1,0.1,0.6,0.4,0.4,8.7,2.9,-32,"48,634","55,185",73.8,617.9,9950,7745,Weekly,3420.0,,,,
2020-2021,Glenelg Shire Council,Rural Area,48.9,2.2,"20,058",42.2,0.1,0.4,0.5,47.3,1.5,3.8,0.6,0.1,1.1,0.1,0.6,0.4,0.4,8.7,2.9,-32,"48,634","55,185",73.8,617.9,9950,7821,Weekly,3482.81,,,,
2021-2022,Glenelg Shire Council,Rural Area,48.9,2.2,"20,058",42.2,0.1,0.4,0.5,47.3,1.5,3.8,0.6,0.1,1.1,0.1,0.6,0.4,0.4,8.7,2.9,-32,"48,634","55,185",73.8,617.9,10145,7731,Weekly,3646.0,,,,
2022-2023,Glenelg Shire Council,Rural Area,48.9,2.2,"20,058",42.2,0.1,0.4,0.5,47.3,1.5,3.8,0.6,0.1,1.1,0.1,0.6,0.4,0.4,8.7,2.9,-32,"48,634","55,185",73.8,617.9,8721,8161,Weekly,3903.0,,,,
2018-2019,Golden Plains Shire Council,Rural Area,39.4,2.9,"24,892",42.3,0.2,0.1,0.4,49.9,1.0,5.3,1.2,0.1,0.5,0.2,0.2,0.4,0.3,9.2,3.0,382,"53,822","60,672",77.9,856,8327,8327,Fortnightly,4416.0,,,,
2019-2020,Golden Plains Shire Council,Rural Area,39.4,2.9,"24,892",42.3,0.2,0.1,0.4,49.9,1.0,5.3,1.2,0.1,0.5,0.2,0.2,0.4,0.3,9.2,3.0,382,"53,822","60,672",77.9,856,8548,8548,Fortnightly,5527.0,,,,
2020-2021,Golden Plains Shire Council,Rural Area,39.4,2.9,"24,892",42.3,0.2,0.1,0.4,49.9,1.0,5.3,1.2,0.1,0.5,0.2,0.2,0.4,0.3,9.2,3.0,382,"53,822","60,672",77.9,856,8812,8812,Fortnightly,4882.0,,,,
2021-2022,Golden Plains Shire Council,Rural Area,39.4,2.9,"24,892",42.3,0.2,0.1,0.4,49.9,1.0,5.3,1.2,0.1,0.5,0.2,0.2,0.4,0.3,9.2,3.0,382,"53,822","60,672",77.9,856,8515,9070,Fortnightly,5005.0,,,,
2022-2023,Golden Plains Shire Council,Rural Area,39.4,2.9,"24,892",42.3,0.2,0.1,0.4,49.9,1.0,5.3,1.2,0.1,0.5,0.2,0.2,0.4,0.3,9.2,3.0,382,"53,822","60,672",77.9,856,8723,9101,Fortnightly,5026.0,,,,
2018-2019,Greater Bendigo City Council,Regional City,39.7,2.4,"121,272",42.5,0.6,0.7,1.2,47.2,0.8,2.8,0.5,0.3,2.4,0.5,1.6,0.4,0.4,9.6,6.5,"1,156","51,481","57,741",78.5,"3,716.50",49821,49553,Weekly,22422.0,40001.0,Fortnightly,Yes,10348.0
2019-2020,Greater Bendigo City Council,Regional City,39.7,2.4,"121,272",42.5,0.6,0.7,1.2,47.2,0.8,2.8,0.5,0.3,2.4,0.5,1.6,0.4,0.4,9.6,6.5,"1,156","51,481","57,741",78.5,"3,716.50",49596,49596,Weekly,24810.8,40091.0,Fortnightly,Yes,13248.0
2020-2021,Greater Bendigo City Council,Regional City,39.7,2.4,"121,272",42.5,0.6,0.7,1.2,47.2,0.8,2.8,0.5,0.3,2.4,0.5,1.6,0.4,0.4,9.6,6.5,"1,156","51,481","57,741",78.5,"3,716.50",51531,51051,Weekly,24102.0,43399.0,Fortnightly,Yes,14800.0
2021-2022,Greater Bendigo City Council,Regional City,39.7,2.4,"121,272",42.5,0.6,0.7,1.2,47.2,0.8,2.8,0.5,0.3,2.4,0.5,1.6,0.4,0.4,9.6,6.5,"1,156","51,481","57,741",78.5,"3,716.50",52606,52459,Weekly,26040.23,44756.0,Fortnightly,Yes,13398.96
2022-2023,Greater Bendigo City Council,Regional City,39.7,2.4,"121,272",42.5,0.6,0.7,1.2,47.2,0.8,2.8,0.5,0.3,2.4,0.5,1.6,0.4,0.4,9.6,6.5,"1,156","51,481","57,741",78.5,"3,716.50",52196,52532,Weekly,25935.0,44307.0,Fortnightly,Yes,15010.44
2018-2019,Greater Dandenong City Council,Metropolitan Suburb,36.2,2.9,"160,100",33.4,14.2,5.1,15.9,21.0,2.1,2.0,6.5,2.5,21.4,4.0,16.7,0.9,2.0,58.1,64.4,"-4,396","44,670","49,203",80.8,"4,230.00",55368,54423,Weekly,29222.24,46029.0,Fortnightly,,12346.46
2019-2020,Greater Dandenong City Council,Metropolitan Suburb,36.2,2.9,"160,100",33.4,14.2,5.1,15.9,21.0,2.1,2.0,6.5,2.5,21.4,4.0,16.7,0.9,2.0,58.1,64.4,"-4,396","44,670","49,203",80.8,"4,230.00",57122,57122,Weekly,30313.36,45879.0,Fortnightly,,15161.17
2020-2021,Greater Dandenong City Council,Metropolitan Suburb,36.2,2.9,"160,100",33.4,14.2,5.1,15.9,21.0,2.1,2.0,6.5,2.5,21.4,4.0,16.7,0.9,2.0,58.1,64.4,"-4,396","44,670","49,203",80.8,"4,230.00",68395,55531,Weekly,31342.32,46357.0,Fortnightly,Yes,15445.0
2021-2022,Greater Dandenong City Council,Metropolitan Suburb,36.2,2.9,"160,100",33.4,14.2,5.1,15.9,21.0,2.1,2.0,6.5,2.5,21.4,4.0,16.7,0.9,2.0,58.1,64.4,"-4,396","44,670","49,203",80.8,"4,230.00",47246,55439,Weekly,30166.0,46357.0,Fortnightly,Yes,15112.0
2022-2023,Greater Dandenong City Council,Metropolitan Suburb,36.2,2.9,"160,100",33.4,14.2,5.1,15.9,21.0,2.1,2.0,6.5,2.5,21.4,4.0,16.7,0.9,2.0,58.1,64.4,"-4,396","44,670","49,203",80.8,"4,230.00",56212,55659,Weekly,31550.0,44527.0,Fortnightly,Yes,14183.0
2018-2019,Greater Geelong City Council,Regional City,39.2,2.4,"270,932",44.0,1.5,1.3,1.0,44.4,1.2,5.6,2.8,0.7,2.1,0.9,2.9,0.7,0.7,17.6,11.7,"4,305","52,125","60,938",77.5,"9,307.10",110037,110037,Weekly,45000.0,110037.0,Fortnightly,No,36000.0
2019-2020,Greater Geelong City Council,Regional City,39.2,2.4,"270,932",44.0,1.5,1.3,1.0,44.4,1.2,5.6,2.8,0.7,2.1,0.9,2.9,0.7,0.7,17.6,11.7,"4,305","52,125","60,938",77.5,"9,307.10",113358,113358,Weekly,52232.0,113358.0,Fortnightly,No,39369.0
2020-2021,Greater Geelong City Council,Regional City,39.2,2.4,"270,932",44.0,1.5,1.3,1.0,44.4,1.2,5.6,2.8,0.7,2.1,0.9,2.9,0.7,0.7,17.6,11.7,"4,305","52,125","60,938",77.5,"9,307.10",114697,114697,Weekly,56093.0,114697.0,Fortnightly,No,39633.0
2021-2022,Greater Geelong City Council,Regional City,39.2,2.4,"270,932",44.0,1.5,1.3,1.0,44.4,1.2,5.6,2.8,0.7,2.1,0.9,2.9,0.7,0.7,17.6,11.7,"4,305","52,125","60,938",77.5,"9,307.10",124000,121500,Weekly,56250.0,121400.0,Fortnightly,No,41000.0
2022-2023,Greater Geelong City Council,Regional City,39.2,2.4,"270,932",44.0,1.5,1.3,1.0,44.4,1.2,5.6,2.8,0.7,2.1,0.9,2.9,0.7,0.7,17.6,11.7,"4,305","52,125","60,938",77.5,"9,307.10",117474,122000,Weekly,56288.0,122000.0,Fortnightly,No,39710.0
2018-2019,Greater Shepparton City Council,Regional City,39.3,2.5,"68,526",45.1,6.4,1.4,1.0,34.8,1.5,2.3,2.2,1.9,2.5,0.7,4.9,0.3,1.0,17.3,17.6,-276,"47,001","52,673",78.8,"2,035.60",26027,26848,Weekly,13166.01,22623.0,Fortnightly,Yes,7097.34
2019-2020,Greater Shepparton City Council,Regional City,39.3,2.5,"68,526",45.1,6.4,1.4,1.0,34.8,1.5,2.3,2.2,1.9,2.5,0.7,4.9,0.3,1.0,17.3,17.6,-276,"47,001","52,673",78.8,"2,035.60",28934,28934,Weekly,13678.0,22985.0,Fortnightly,Yes,9285.0
2020-2021,Greater Shepparton City Council,Regional City,39.3,2.5,"68,526",45.1,6.4,1.4,1.0,34.8,1.5,2.3,2.2,1.9,2.5,0.7,4.9,0.3,1.0,17.3,17.6,-276,"47,001","52,673",78.8,"2,035.60",28934,28934,Weekly,13980.11,23049.0,Fortnightly,Yes,8505.74
2021-2022,Greater Shepparton City Council,Regional City,39.3,2.5,"68,526",45.1,6.4,1.4,1.0,34.8,1.5,2.3,2.2,1.9,2.5,0.7,4.9,0.3,1.0,17.3,17.6,-276,"47,001","52,673",78.8,"2,035.60",26220,25555,Weekly,14036.05,23767.0,Fortnightly,Yes,9426.9
2022-2023,Greater Shepparton City Council,Regional City,39.3,2.5,"68,526",45.1,6.4,1.4,1.0,34.8,1.5,2.3,2.2,1.9,2.5,0.7,4.9,0.3,1.0,17.3,17.6,-276,"47,001","52,673",78.8,"2,035.60",23099,28901,Weekly,13818.0,24182.0,Fortnightly,Yes,8313.0
2018-2019,Hepburn Shire Council,Rural Area,51.9,2.2,"16,485",34.8,0.2,0.4,1.2,52.5,1.4,7.3,1.6,0.2,0.9,0.4,0.6,1.0,0.6,14.0,4.8,150,"47,603","56,990",66.5,495.1,7248,7367,Weekly,4865.0,,,,
2019-2020,Hepburn Shire Council,Rural Area,51.9,2.2,"16,485",34.8,0.2,0.4,1.2,52.5,1.4,7.3,1.6,0.2,0.9,0.4,0.6,1.0,0.6,14.0,4.8,150,"47,603","56,990",66.5,495.1,7612,7418,Weekly,4893.01,,,,
2020-2021,Hepburn Shire Council,Rural Area,51.9,2.2,"16,485",34.8,0.2,0.4,1.2,52.5,1.4,7.3,1.6,0.2,0.9,0.4,0.6,1.0,0.6,14.0,4.8,150,"47,603","56,990",66.5,495.1,9000,8295,Weekly,3454.0,,,,
2021-2022,Hepburn Shire Council,Rural Area,51.9,2.2,"16,485",34.8,0.2,0.4,1.2,52.5,1.4,7.3,1.6,0.2,0.9,0.4,0.6,1.0,0.6,14.0,4.8,150,"47,603","56,990",66.5,495.1,5571,5571,Weekly,3366.29,943.0,Weekly,Yes,160.0
2022-2023,Hepburn Shire Council,Rural Area,51.9,2.2,"16,485",34.8,0.2,0.4,1.2,52.5,1.4,7.3,1.6,0.2,0.9,0.4,0.6,1.0,0.6,14.0,4.8,150,"47,603","56,990",66.5,495.1,6950,8029,Weekly,3125.8,943.0,Weekly,Yes,140.0
2018-2019,Hindmarsh Shire Council,Rural Area,50.1,2.2,"5,656",53.0,0.3,0.5,1.3,35.9,0.9,2.9,0.3,0.1,4.4,0.1,1.1,0.3,0.6,10.5,7.1,4,"46,797","49,409",63.9,193,2417,2535,Weekly,1544.0,,,,
2019-2020,Hindmarsh Shire Council,Rural Area,50.1,2.2,"5,656",53.0,0.3,0.5,1.3,35.9,0.9,2.9,0.3,0.1,4.4,0.1,1.1,0.3,0.6,10.5,7.1,4,"46,797","49,409",63.9,193,2417,2770,Weekly,1244.0,,,,
2020-2021,Hindmarsh Shire Council,Rural Area,50.1,2.2,"5,656",53.0,0.3,0.5,1.3,35.9,0.9,2.9,0.3,0.1,4.4,0.1,1.1,0.3,0.6,10.5,7.1,4,"46,797","49,409",63.9,193,2417,2770,Weekly,1234.0,,,,
2021-2022,Hindmarsh Shire Council,Rural Area,50.1,2.2,"5,656",53.0,0.3,0.5,1.3,35.9,0.9,2.9,0.3,0.1,4.4,0.1,1.1,0.3,0.6,10.5,7.1,4,"46,797","49,409",63.9,193,2551,2366,Weekly,1682.0,,,,
2022-2023,Hindmarsh Shire Council,Rural Area,50.1,2.2,"5,656",53.0,0.3,0.5,1.3,35.9,0.9,2.9,0.3,0.1,4.4,0.1,1.1,0.3,0.6,10.5,7.1,4,"46,797","49,409",63.9,193,2507,2777,Weekly,1689.72,,,,
2018-2019,Hobsons Bay City Council,Metropolitan Suburb,39.5,2.5,"92,267",44.6,5.1,2.3,2.2,38.7,2.4,6.0,7.0,2.1,4.8,1.5,3.6,1.6,1.1,30.1,27.1,"-1,784","62,143","74,537",80.4,"4,077.90",38864,37463,Weekly,19565.0,26015.0,Fortnightly,,6702.0
2019-2020,Hobsons Bay City Council,Metropolitan Suburb,39.5,2.5,"92,267",44.6,5.1,2.3,2.2,38.7,2.4,6.0,7.0,2.1,4.8,1.5,3.6,1.6,1.1,30.1,27.1,"-1,784","62,143","74,537",80.4,"4,077.90",39059,37866,Fortnightly,19807.0,37866.0,Weekly,Yes,11047.0
2020-2021,Hobsons Bay City Council,Metropolitan Suburb,39.5,2.5,"92,267",44.6,5.1,2.3,2.2,38.7,2.4,6.0,7.0,2.1,4.8,1.5,3.6,1.6,1.1,30.1,27.1,"-1,784","62,143","74,537",80.4,"4,077.90",40079,39888,Fortnightly,14345.0,38805.0,Weekly,Yes,14735.0
2021-2022,Hobsons Bay City Council,Metropolitan Suburb,39.5,2.5,"92,267",44.6,5.1,2.3,2.2,38.7,2.4,6.0,7.0,2.1,4.8,1.5,3.6,1.6,1.1,30.1,27.1,"-1,784","62,143","74,537",80.4,"4,077.90",37831,38453,Weekly,15672.0,38453.0,Fortnightly,Yes,12999.0
2022-2023,Hobsons Bay City Council,Metropolitan Suburb,39.5,2.5,"92,267",44.6,5.1,2.3,2.2,38.7,2.4,6.0,7.0,2.1,4.8,1.5,3.6,1.6,1.1,30.1,27.1,"-1,784","62,143","74,537",80.4,"4,077.90",37318,38447,Weekly,17037.55,38447.0,Fortnightly,Yes,11284.8
2018-2019,Horsham Rural City Council,Rural Area,41.2,2.3,"20,376",48.4,0.4,0.8,0.5,42.7,0.6,2.0,0.6,0.2,1.5,0.3,1.3,0.3,0.4,7.1,4.7,-63,"48,516","52,803",73.0,706.7,9264,9264,Weekly,5489.84,,,,
2019-2020,Horsham Rural City Council,Rural Area,41.2,2.3,"20,376",48.4,0.4,0.8,0.5,42.7,0.6,2.0,0.6,0.2,1.5,0.3,1.3,0.3,0.4,7.1,4.7,-63,"48,516","52,803",73.0,706.7,9341,8966,Weekly,6009.22,,,,
2020-2021,Horsham Rural City Council,Rural Area,41.2,2.3,"20,376",48.4,0.4,0.8,0.5,42.7,0.6,2.0,0.6,0.2,1.5,0.3,1.3,0.3,0.4,7.1,4.7,-63,"48,516","52,803",73.0,706.7,9434,9034,Weekly,6029.29,,,,
2021-2022,Horsham Rural City Council,Rural Area,41.2,2.3,"20,376",48.4,0.4,0.8,0.5,42.7,0.6,2.0,0.6,0.2,1.5,0.3,1.3,0.3,0.4,7.1,4.7,-63,"48,516","52,803",73.0,706.7,9585,9150,Weekly,6393.0,,,,
2022-2023,Horsham Rural City Council,Rural Area,41.2,2.3,"20,376",48.4,0.4,0.8,0.5,42.7,0.6,2.0,0.6,0.2,1.5,0.3,1.3,0.3,0.4,7.1,4.7,-63,"48,516","52,803",73.0,706.7,9049,9215,Fortnightly,5719.08,7921.0,Fortnightly,Yes,441.73
2018-2019,Hume City Council,Metropolitan Suburb,33.6,3.1,"246,920",43.3,18.9,4.8,2.5,19.3,2.6,2.1,3.8,14.4,3.1,0.6,11.5,0.6,1.1,39.8,48.8,"1,433","51,202","57,210",81.6,"6,782.20",77261,77261,Weekly,47386.0,30433.0,Fortnightly,,7408.0
2019-2020,Hume City Council,Metropolitan Suburb,33.6,3.1,"246,920",43.3,18.9,4.8,2.5,19.3,2.6,2.1,3.8,14.4,3.1,0.6,11.5,0.6,1.1,39.8,48.8,"1,433","51,202","57,210",81.6,"6,782.20",76930,76770,Weekly,50397.0,31807.0,Fortnightly,Yes,10696.0
2020-2021,Hume City Council,Metropolitan Suburb,33.6,3.1,"246,920",43.3,18.9,4.8,2.5,19.3,2.6,2.1,3.8,14.4,3.1,0.6,11.5,0.6,1.1,39.8,48.8,"1,433","51,202","57,210",81.6,"6,782.20",80515,80152,Weekly,54349.0,35331.0,Fortnightly,Yes,12630.0
2021-2022,Hume City Council,Metropolitan Suburb,33.6,3.1,"246,920",43.3,18.9,4.8,2.5,19.3,2.6,2.1,3.8,14.4,3.1,0.6,11.5,0.6,1.1,39.8,48.8,"1,433","51,202","57,210",81.6,"6,782.20",89655,80803,Weekly,54552.0,38296.0,Fortnightly,Yes,13872.0
2022-2023,Hume City Council,Metropolitan Suburb,33.6,3.1,"246,920",43.3,18.9,4.8,2.5,19.3,2.6,2.1,3.8,14.4,3.1,0.6,11.5,0.6,1.1,39.8,48.8,"1,433","51,202","57,210",81.6,"6,782.20",87094,85380,Weekly,54277.76,42058.0,Fortnightly,Yes,13347.86
2018-2019,Indigo Shire Council,Rural Area,47.5,2.4,"17,251",42.9,0.1,0.2,0.4,47.7,1.1,5.0,0.6,0.1,0.6,0.2,0.2,0.5,0.2,8.6,2.3,89,"52,000","57,322",73.0,558.7,7145,7319,Fortnightly,2250.82,5271.0,Weekly,Yes,2124.0
2019-2020,Indigo Shire Council,Rural Area,47.5,2.4,"17,251",42.9,0.1,0.2,0.4,47.7,1.1,5.0,0.6,0.1,0.6,0.2,0.2,0.5,0.2,8.6,2.3,89,"52,000","57,322",73.0,558.7,8610,8610,Fortnightly,2055.0,5085.0,Weekly,Yes,2442.0
2020-2021,Indigo Shire Council,Rural Area,47.5,2.4,"17,251",42.9,0.1,0.2,0.4,47.7,1.1,5.0,0.6,0.1,0.6,0.2,0.2,0.5,0.2,8.6,2.3,89,"52,000","57,322",73.0,558.7,8612,8612,Fortnightly,2267.0,5488.0,Weekly,Yes,2838.0
2021-2022,Indigo Shire Council,Rural Area,47.5,2.4,"17,251",42.9,0.1,0.2,0.4,47.7,1.1,5.0,0.6,0.1,0.6,0.2,0.2,0.5,0.2,8.6,2.3,89,"52,000","57,322",73.0,558.7,6540,7786,Fortnightly,2210.0,5628.0,Weekly,Yes,3049.0
2022-2023,Indigo Shire Council,Rural Area,47.5,2.4,"17,251",42.9,0.1,0.2,0.4,47.7,1.1,5.0,0.6,0.1,0.6,0.2,0.2,0.5,0.2,8.6,2.3,89,"52,000","57,322",73.0,558.7,5461,7576,Fortnightly,2285.3,5737.0,Weekly,Yes,2925.2
2018-2019,Kingston City Council,Metropolitan Suburb,41.1,2.5,"159,554",45.2,1.5,2.9,2.8,40.6,1.9,6.5,5.7,1.5,4.1,3.7,5.2,1.4,1.7,31.8,26.0,"-2,173","40,322","44,946",60.7,79.4,64000,63000,Weekly,28765.0,48000.0,Fortnightly,,13779.0
2019-2020,Kingston City Council,Metropolitan Suburb,41.1,2.5,"159,554",45.2,1.5,2.9,2.8,40.6,1.9,6.5,5.7,1.5,4.1,3.7,5.2,1.4,1.7,31.8,26.0,"-2,173","40,322","44,946",60.7,79.4,63638,63638,Weekly,29087.0,48300.0,Fortnightly,Yes,16855.0
2020-2021,Kingston City Council,Metropolitan Suburb,41.1,2.5,"159,554",45.2,1.5,2.9,2.8,40.6,1.9,6.5,5.7,1.5,4.1,3.7,5.2,1.4,1.7,31.8,26.0,"-2,173","40,322","44,946",60.7,79.4,65412,65412,Weekly,27767.0,50441.0,Fortnightly,Yes,20068.0
2021-2022,Kingston City Council,Metropolitan Suburb,41.1,2.5,"159,554",45.2,1.5,2.9,2.8,40.6,1.9,6.5,5.7,1.5,4.1,3.7,5.2,1.4,1.7,31.8,26.0,"-2,173","40,322","44,946",60.7,79.4,54357,63465,Weekly,27845.0,50089.0,Fortnightly,Yes,19340.0
2022-2023,Kingston City Council,Metropolitan Suburb,41.1,2.5,"159,554",45.2,1.5,2.9,2.8,40.6,1.9,6.5,5.7,1.5,4.1,3.7,5.2,1.4,1.7,31.8,26.0,"-2,173","40,322","44,946",60.7,79.4,65140,64016,Weekly,26941.0,51965.0,Fortnightly,Yes,18913.74
2018-2019,Knox City Council,Metropolitan Suburb,40.4,2.7,"160,481",42.7,1.5,3.6,4.3,41.6,1.5,5.4,2.7,1.5,6.3,7.2,6.2,0.8,1.2,33.0,28.7,"-2,263","55,096","63,292",79.9,"5,989.50",60497,60497,Weekly,28032.42,42132.0,Fortnightly,,14923.0
2019-2020,Knox City Council,Metropolitan Suburb,40.4,2.7,"160,481",42.7,1.5,3.6,4.3,41.6,1.5,5.4,2.7,1.5,6.3,7.2,6.2,0.8,1.2,33.0,28.7,"-2,263","55,096","63,292",79.9,"5,989.50",61309,61309,Weekly,28515.72,43369.0,Fortnightly,,18339.0
2020-2021,Knox City Council,Metropolitan Suburb,40.4,2.7,"160,481",42.7,1.5,3.6,4.3,41.6,1.5,5.4,2.7,1.5,6.3,7.2,6.2,0.8,1.2,33.0,28.7,"-2,263","55,096","63,292",79.9,"5,989.50",62873,62873,Weekly,29468.0,43839.0,Fortnightly,,18689.46
2021-2022,Knox City Council,Metropolitan Suburb,40.4,2.7,"160,481",42.7,1.5,3.6,4.3,41.6,1.5,5.4,2.7,1.5,6.3,7.2,6.2,0.8,1.2,33.0,28.7,"-2,263","55,096","63,292",79.9,"5,989.50",63318,60316,Weekly,29471.0,44474.0,Fortnightly,No,17121.0
2022-2023,Knox City Council,Metropolitan Suburb,40.4,2.7,"160,481",42.7,1.5,3.6,4.3,41.6,1.5,5.4,2.7,1.5,6.3,7.2,6.2,0.8,1.2,33.0,28.7,"-2,263","55,096","63,292",79.9,"5,989.50",60781,61004,Weekly,27804.06,44474.0,Fortnightly,No,17545.48
2018-2019,Latrobe City Council,Regional City,41.5,2.3,"77,117",40.4,0.8,0.4,0.7,48.1,1.2,5.2,2.0,0.3,1.6,0.4,1.1,0.5,0.5,12.8,6.6,183,"49,580","55,972",77.6,371.1,35919,34831,Weekly,15027.0,30739.0,Fortnightly,No,7860.0
2019-2020,Latrobe City Council,Regional City,41.5,2.3,"77,117",40.4,0.8,0.4,0.7,48.1,1.2,5.2,2.0,0.3,1.6,0.4,1.1,0.5,0.5,12.8,6.6,183,"49,580","55,972",77.6,371.1,35940,35000,Weekly,15756.0,30952.0,Fortnightly,No,11037.0
2020-2021,Latrobe City Council,Regional City,41.5,2.3,"77,117",40.4,0.8,0.4,0.7,48.1,1.2,5.2,2.0,0.3,1.6,0.4,1.1,0.5,0.5,12.8,6.6,183,"49,580","55,972",77.6,371.1,36250,35525,Weekly,16498.0,31416.0,Fortnightly,No,10458.0
2021-2022,Latrobe City Council,Regional City,41.5,2.3,"77,117",40.4,0.8,0.4,0.7,48.1,1.2,5.2,2.0,0.3,1.6,0.4,1.1,0.5,0.5,12.8,6.6,183,"49,580","55,972",77.6,371.1,35837,31529,Weekly,16599.0,32050.0,Fortnightly,No,11275.0
2022-2023,Latrobe City Council,Regional City,41.5,2.3,"77,117",40.4,0.8,0.4,0.7,48.1,1.2,5.2,2.0,0.3,1.6,0.4,1.1,0.5,0.5,12.8,6.6,183,"49,580","55,972",77.6,371.1,35123,31529,Weekly,16276.0,32050.0,Fortnightly,No,10163.0
2018-2019,Loddon Shire Council,Rural Area,52.4,2.2,"7,703",45.8,0.3,0.2,0.5,40.4,1.0,3.8,0.7,0.1,1.8,0.1,0.3,0.3,0.3,8.6,3.1,66,"42,408","47,279",60.7,194.2,3425,3414,Weekly,2349.0,,,,
2019-2020,Loddon Shire Council,Rural Area,52.4,2.2,"7,703",45.8,0.3,0.2,0.5,40.4,1.0,3.8,0.7,0.1,1.8,0.1,0.3,0.3,0.3,8.6,3.1,66,"42,408","47,279",60.7,194.2,4000,3818,Weekly,1600.0,,,,
2020-2021,Loddon Shire Council,Rural Area,52.4,2.2,"7,703",45.8,0.3,0.2,0.5,40.4,1.0,3.8,0.7,0.1,1.8,0.1,0.3,0.3,0.3,8.6,3.1,66,"42,408","47,279",60.7,194.2,3489,3818,Weekly,1465.532,,,,
2021-2022,Loddon Shire Council,Rural Area,52.4,2.2,"7,703",45.8,0.3,0.2,0.5,40.4,1.0,3.8,0.7,0.1,1.8,0.1,0.3,0.3,0.3,8.6,3.1,66,"42,408","47,279",60.7,194.2,4403,3280,Weekly,1692.9,,,,
2022-2023,Loddon Shire Council,Rural Area,52.4,2.2,"7,703",45.8,0.3,0.2,0.5,40.4,1.0,3.8,0.7,0.1,1.8,0.1,0.3,0.3,0.3,8.6,3.1,66,"42,408","47,279",60.7,194.2,2454,2548,Weekly,1602.8,,,,
2018-2019,Macedon Ranges Shire Council,Rural Area,43.0,2.7,"51,599",42.0,0.3,0.2,0.6,49.5,1.5,6.7,1.5,0.3,0.8,0.4,0.5,0.9,0.5,13.1,4.5,691,"58,106","71,721",73.8,"2,122.20",19060,19060,Weekly,9222.3,11000.0,Fortnightly,No,2969.0
2019-2020,Macedon Ranges Shire Council,Rural Area,43.0,2.7,"51,599",42.0,0.3,0.2,0.6,49.5,1.5,6.7,1.5,0.3,0.8,0.4,0.5,0.9,0.5,13.1,4.5,691,"58,106","71,721",73.8,"2,122.20",19490,19275,Fortnightly,6600.0,14425.0,Weekly,Yes,7200.0
2020-2021,Macedon Ranges Shire Council,Rural Area,43.0,2.7,"51,599",42.0,0.3,0.2,0.6,49.5,1.5,6.7,1.5,0.3,0.8,0.4,0.5,0.9,0.5,13.1,4.5,691,"58,106","71,721",73.8,"2,122.20",19088,19088,Fortnightly,7170.0,14569.0,Weekly,Yes,8504.0
2021-2022,Macedon Ranges Shire Council,Rural Area,43.0,2.7,"51,599",42.0,0.3,0.2,0.6,49.5,1.5,6.7,1.5,0.3,0.8,0.4,0.5,0.9,0.5,13.1,4.5,691,"58,106","71,721",73.8,"2,122.20",21695,20240,Weekly,6360.67,20240.0,Weekly,Yes,10815.94
2022-2023,Macedon Ranges Shire Council,Rural Area,43.0,2.7,"51,599",42.0,0.3,0.2,0.6,49.5,1.5,6.7,1.5,0.3,0.8,0.4,0.5,0.9,0.5,13.1,4.5,691,"58,106","71,721",73.8,"2,122.20",19605,19287,Fortnightly,5886.0,19287.0,Weekly,Yes,10184.0
2018-2019,Manningham City Council,Metropolitan Suburb,43.3,2.7,"125,821",46.7,3.4,1.9,4.4,37.4,1.1,3.3,6.5,4.4,6.9,15.8,3.3,0.9,1.2,43.5,46.3,"-1,005","53,142","69,547",66.9,"5,309.00",48363,44099,Weekly,19648.52,43422.0,Fortnightly,No,13859.04
2019-2020,Manningham City Council,Metropolitan Suburb,43.3,2.7,"125,821",46.7,3.4,1.9,4.4,37.4,1.1,3.3,6.5,4.4,6.9,15.8,3.3,0.9,1.2,43.5,46.3,"-1,005","53,142","69,547",66.9,"5,309.00",49303,44636,Weekly,20169.54,44009.0,Fortnightly,No,16873.24
2020-2021,Manningham City Council,Metropolitan Suburb,43.3,2.7,"125,821",46.7,3.4,1.9,4.4,37.4,1.1,3.3,6.5,4.4,6.9,15.8,3.3,0.9,1.2,43.5,46.3,"-1,005","53,142","69,547",66.9,"5,309.00",50358,45088,Weekly,21347.18,44673.0,Fortnightly,No,16255.66
2021-2022,Manningham City Council,Metropolitan Suburb,43.3,2.7,"125,821",46.7,3.4,1.9,4.4,37.4,1.1,3.3,6.5,4.4,6.9,15.8,3.3,0.9,1.2,43.5,46.3,"-1,005","53,142","69,547",66.9,"5,309.00",49918,45491,Weekly,21367.88,45900.0,Fortnightly,No,15147.9
2022-2023,Manningham City Council,Metropolitan Suburb,43.3,2.7,"125,821",46.7,3.4,1.9,4.4,37.4,1.1,3.3,6.5,4.4,6.9,15.8,3.3,0.9,1.2,43.5,46.3,"-1,005","53,142","69,547",66.9,"5,309.00",49611,45526,Weekly,20256.8,45526.0,Fortnightly,No,15303.45
2018-2019,Mansfield Shire Council,Rural Area,48.5,2.3,"10,121",40.2,0.2,0.2,0.5,49.4,1.2,5.9,1.1,0.1,0.8,0.8,0.5,0.7,0.3,11.3,4.1,286,"41,562","50,062",65.1,280.6,6228,6228,Weekly,2325.48,,,,
2019-2020,Mansfield Shire Council,Rural Area,48.5,2.3,"10,121",40.2,0.2,0.2,0.5,49.4,1.2,5.9,1.1,0.1,0.8,0.8,0.5,0.7,0.3,11.3,4.1,286,"41,562","50,062",65.1,280.6,6546,6616,Weekly,2934.1,,,,
2020-2021,Mansfield Shire Council,Rural Area,48.5,2.3,"10,121",40.2,0.2,0.2,0.5,49.4,1.2,5.9,1.1,0.1,0.8,0.8,0.5,0.7,0.3,11.3,4.1,286,"41,562","50,062",65.1,280.6,6671,6667,Weekly,3678.71,,,,
2021-2022,Mansfield Shire Council,Rural Area,48.5,2.3,"10,121",40.2,0.2,0.2,0.5,49.4,1.2,5.9,1.1,0.1,0.8,0.8,0.5,0.7,0.3,11.3,4.1,286,"41,562","50,062",65.1,280.6,3944,3944,,2540.0,,,,
2022-2023,Mansfield Shire Council,Rural Area,48.5,2.3,"10,121",40.2,0.2,0.2,0.5,49.4,1.2,5.9,1.1,0.1,0.8,0.8,0.5,0.7,0.3,11.3,4.1,286,"41,562","50,062",65.1,280.6,3950,6890,Weekly,2613.04,,,,
2018-2019,Maribyrnong City Council,Metropolitan Suburb,35.3,2.4,"86,385",32.2,4.0,3.1,8.0,45.2,2.3,3.8,4.5,1.4,13.4,3.1,5.4,2.4,1.7,38.0,38.1,"-1,270","57,084","67,509",84.5,"3,686.10",36790,36123,Weekly,18705.0,9292.0,Fortnightly,,1983.0
2019-2020,Maribyrnong City Council,Metropolitan Suburb,35.3,2.4,"86,385",32.2,4.0,3.1,8.0,45.2,2.3,3.8,4.5,1.4,13.4,3.1,5.4,2.4,1.7,38.0,38.1,"-1,270","57,084","67,509",84.5,"3,686.10",36065,36065,Weekly,19054.0,9000.0,Fortnightly,Yes,2880.0
2020-2021,Maribyrnong City Council,Metropolitan Suburb,35.3,2.4,"86,385",32.2,4.0,3.1,8.0,45.2,2.3,3.8,4.5,1.4,13.4,3.1,5.4,2.4,1.7,38.0,38.1,"-1,270","57,084","67,509",84.5,"3,686.10",37512,37542,Weekly,22800.0,9100.0,Fortnightly,Yes,3200.0
2021-2022,Maribyrnong City Council,Metropolitan Suburb,35.3,2.4,"86,385",32.2,4.0,3.1,8.0,45.2,2.3,3.8,4.5,1.4,13.4,3.1,5.4,2.4,1.7,38.0,38.1,"-1,270","57,084","67,509",84.5,"3,686.10",36162,36162,Weekly,17880.0,21870.0,Fortnightly,Yes,5067.0
2022-2023,Maribyrnong City Council,Metropolitan Suburb,35.3,2.4,"86,385",32.2,4.0,3.1,8.0,45.2,2.3,3.8,4.5,1.4,13.4,3.1,5.4,2.4,1.7,38.0,38.1,"-1,270","57,084","67,509",84.5,"3,686.10",41060,36937,Weekly,16838.35,22140.0,Fortnightly,Yes,5772.42
2018-2019,Maroondah City Council,Metropolitan Suburb,39.4,2.6,"116,075",43.1,0.9,1.9,2.2,45.8,1.3,5.8,1.7,1.2,5.0,4.9,3.2,1.0,1.1,25.2,19.8,"-1,828","56,712","65,892",79.5,"4,454.30",45665,44665,Weekly,20123.0,45665.0,Fortnightly,No,12293.0
2019-2020,Maroondah City Council,Metropolitan Suburb,39.4,2.6,"116,075",43.1,0.9,1.9,2.2,45.8,1.3,5.8,1.7,1.2,5.0,4.9,3.2,1.0,1.1,25.2,19.8,"-1,828","56,712","65,892",79.5,"4,454.30",45903,45903,Weekly,20145.0,45903.0,Fortnightly,No,15261.0
2020-2021,Maroondah City Council,Metropolitan Suburb,39.4,2.6,"116,075",43.1,0.9,1.9,2.2,45.8,1.3,5.8,1.7,1.2,5.0,4.9,3.2,1.0,1.1,25.2,19.8,"-1,828","56,712","65,892",79.5,"4,454.30",45357,44873,Weekly,21006.0,45247.0,Fortnightly,No,15848.0
2021-2022,Maroondah City Council,Metropolitan Suburb,39.4,2.6,"116,075",43.1,0.9,1.9,2.2,45.8,1.3,5.8,1.7,1.2,5.0,4.9,3.2,1.0,1.1,25.2,19.8,"-1,828","56,712","65,892",79.5,"4,454.30",45219,45219,Weekly,20611.0,45219.0,Fortnightly,No,14442.0
2022-2023,Maroondah City Council,Metropolitan Suburb,39.4,2.6,"116,075",43.1,0.9,1.9,2.2,45.8,1.3,5.8,1.7,1.2,5.0,4.9,3.2,1.0,1.1,25.2,19.8,"-1,828","56,712","65,892",79.5,"4,454.30",46054,47363,Weekly,19648.0,47363.0,Fortnightly,Yes,15120.0
2018-2019,Melbourne City Council,Central Business District,30.5,1.8,"153,110",23.8,3.9,6.1,6.3,49.3,2.4,4.4,2.4,2.1,12.7,16.0,8.5,4.4,1.7,54.7,46.0,-917,"41,393","61,030",80.4,"7,252.50",91022,91022,Weekly,30182.69,,,,
2019-2020,Melbourne City Council,Central Business District,30.5,1.8,"153,110",23.8,3.9,6.1,6.3,49.3,2.4,4.4,2.4,2.1,12.7,16.0,8.5,4.4,1.7,54.7,46.0,-917,"41,393","61,030",80.4,"7,252.50",95560,90945,Weekly,34413.04,,,,
2020-2021,Melbourne City Council,Central Business District,30.5,1.8,"153,110",23.8,3.9,6.1,6.3,49.3,2.4,4.4,2.4,2.1,12.7,16.0,8.5,4.4,1.7,54.7,46.0,-917,"41,393","61,030",80.4,"7,252.50",102065,102065,Weekly,31836.74,8900.0,Fortnightly,Yes,28.9
2021-2022,Melbourne City Council,Central Business District,30.5,1.8,"153,110",23.8,3.9,6.1,6.3,49.3,2.4,4.4,2.4,2.1,12.7,16.0,8.5,4.4,1.7,54.7,46.0,-917,"41,393","61,030",80.4,"7,252.50",110940,110940,Weekly,29425.0,23000.0,Weekly,Yes,1500.0
2022-2023,Melbourne City Council,Central Business District,30.5,1.8,"153,110",23.8,3.9,6.1,6.3,49.3,2.4,4.4,2.4,2.1,12.7,16.0,8.5,4.4,1.7,54.7,46.0,-917,"41,393","61,030",80.4,"7,252.50",110305,100879,Weekly,29025.0,23000.0,Weekly,Yes,1795.0
2018-2019,Melton City Council,Peri-Urban Area,33.2,3.1,"181,346",48.0,6.4,5.2,2.8,24.3,3.3,2.4,5.3,3.1,6.9,0.9,10.8,1.2,1.8,35.6,39.0,"5,248","55,067","60,783",85.1,"5,314.50",50000,50000,Weekly,30000.0,38000.0,Fortnightly,,7000.0
2019-2020,Melton City Council,Peri-Urban Area,33.2,3.1,"181,346",48.0,6.4,5.2,2.8,24.3,3.3,2.4,5.3,3.1,6.9,0.9,10.8,1.2,1.8,35.6,39.0,"5,248","55,067","60,783",85.1,"5,314.50",57600,57600,Weekly,30252.0,37765.0,Fortnightly,,8963.0
2020-2021,Melton City Council,Peri-Urban Area,33.2,3.1,"181,346",48.0,6.4,5.2,2.8,24.3,3.3,2.4,5.3,3.1,6.9,0.9,10.8,1.2,1.8,35.6,39.0,"5,248","55,067","60,783",85.1,"5,314.50",58253,58254,Weekly,32877.0,39713.0,Fortnightly,Yes,11176.0
2021-2022,Melton City Council,Peri-Urban Area,33.2,3.1,"181,346",48.0,6.4,5.2,2.8,24.3,3.3,2.4,5.3,3.1,6.9,0.9,10.8,1.2,1.8,35.6,39.0,"5,248","55,067","60,783",85.1,"5,314.50",76140,63939,Weekly,34785.0,49516.0,Fortnightly,Yes,12262.0
2022-2023,Melton City Council,Peri-Urban Area,33.2,3.1,"181,346",48.0,6.4,5.2,2.8,24.3,3.3,2.4,5.3,3.1,6.9,0.9,10.8,1.2,1.8,35.6,39.0,"5,248","55,067","60,783",85.1,"5,314.50",66081,67913,Weekly,35386.79,53521.0,Fortnightly,Yes,12720.11
2018-2019,Merri-Bek City Council (Former Moreland City Council),Rural Area,35.4,2.4,"173,500",36.7,9.8,3.6,2.1,41.2,2.1,3.9,7.6,4.5,3.1,2.0,7.0,2.0,0.8,32.9,34.5,"-2,946","57,077","66,566",82.8,"7,254.40",73758,73758,Weekly,29571.15,38264.0,Fortnightly,,7770.62
2019-2020,Merri-Bek City Council (Former Moreland City Council),Rural Area,35.4,2.4,"173,500",36.7,9.8,3.6,2.1,41.2,2.1,3.9,7.6,4.5,3.1,2.0,7.0,2.0,0.8,32.9,34.5,"-2,946","57,077","66,566",82.8,"7,254.40",76117,76117,Weekly,29456.01,41341.0,Fortnightly,Yes,11800.0
2020-2021,Merri-Bek City Council (Former Moreland City Council),Rural Area,35.4,2.4,"173,500",36.7,9.8,3.6,2.1,41.2,2.1,3.9,7.6,4.5,3.1,2.0,7.0,2.0,0.8,32.9,34.5,"-2,946","57,077","66,566",82.8,"7,254.40",69033,69033,Weekly,29870.96,51774.0,Fortnightly,Yes,13052.14
2021-2022,Merri-Bek City Council (Former Moreland City Council),Rural Area,35.4,2.4,"173,500",36.7,9.8,3.6,2.1,41.2,2.1,3.9,7.6,4.5,3.1,2.0,7.0,2.0,0.8,32.9,34.5,"-2,946","57,077","66,566",82.8,"7,254.40",78670,69554,Weekly,29637.43,66398.0,Fortnightly,Yes,12942.52
2022-2023,Merri-Bek City Council (Former Moreland City Council),Rural Area,35.4,2.4,"173,500",36.7,9.8,3.6,2.1,41.2,2.1,3.9,7.6,4.5,3.1,2.0,7.0,2.0,0.8,32.9,34.5,"-2,946","57,077","66,566",82.8,"7,254.40",76796,69817,Weekly,28581.89,69813.0,Fortnightly,Yes,13173.41
2018-2019,Mildura Rural City Council,Regional City,40.0,2.4,"56,966",42.4,2.1,0.7,1.9,42.7,1.6,2.1,1.6,0.8,3.8,0.9,2.0,0.2,0.7,13.6,12.3,-597,"43,068","48,518",79.2,"1,651.60",23778,23778,Weekly,11792.42,,,,
2019-2020,Mildura Rural City Council,Regional City,40.0,2.4,"56,966",42.4,2.1,0.7,1.9,42.7,1.6,2.1,1.6,0.8,3.8,0.9,2.0,0.2,0.7,13.6,12.3,-597,"43,068","48,518",79.2,"1,651.60",23810,23810,Weekly,14012.66,,,,
2020-2021,Mildura Rural City Council,Regional City,40.0,2.4,"56,966",42.4,2.1,0.7,1.9,42.7,1.6,2.1,1.6,0.8,3.8,0.9,2.0,0.2,0.7,13.6,12.3,-597,"43,068","48,518",79.2,"1,651.60",24058,26247,Fortnightly,6012.96,26247.0,Weekly,Yes,11553.21
2021-2022,Mildura Rural City Council,Regional City,40.0,2.4,"56,966",42.4,2.1,0.7,1.9,42.7,1.6,2.1,1.6,0.8,3.8,0.9,2.0,0.2,0.7,13.6,12.3,-597,"43,068","48,518",79.2,"1,651.60",25294,24319,Fortnightly,5316.0,24319.0,Weekly,Yes,13028.56
2022-2023,Mildura Rural City Council,Regional City,40.0,2.4,"56,966",42.4,2.1,0.7,1.9,42.7,1.6,2.1,1.6,0.8,3.8,0.9,2.0,0.2,0.7,13.6,12.3,-597,"43,068","48,518",79.2,"1,651.60",21820,24562,Fortnightly,5872.28,24562.0,Weekly,Yes,12533.08
2018-2019,Mitchell Shire Council,Peri-Urban Area,36.6,2.7,"49,712",43.4,1.6,1.3,0.8,42.6,1.7,4.0,1.7,0.7,1.5,0.5,3.2,0.4,0.8,14.6,11.4,"1,269","54,704","60,707",82.3,"1,561.40",21069,21069,Weekly,8252.44,,,,
2019-2020,Mitchell Shire Council,Peri-Urban Area,36.6,2.7,"49,712",43.4,1.6,1.3,0.8,42.6,1.7,4.0,1.7,0.7,1.5,0.5,3.2,0.4,0.8,14.6,11.4,"1,269","54,704","60,707",82.3,"1,561.40",19997,16428,Weekly,9122.85,,,,
2020-2021,Mitchell Shire Council,Peri-Urban Area,36.6,2.7,"49,712",43.4,1.6,1.3,0.8,42.6,1.7,4.0,1.7,0.7,1.5,0.5,3.2,0.4,0.8,14.6,11.4,"1,269","54,704","60,707",82.3,"1,561.40",22372,18780,Weekly,10218.02,,,,
2021-2022,Mitchell Shire Council,Peri-Urban Area,36.6,2.7,"49,712",43.4,1.6,1.3,0.8,42.6,1.7,4.0,1.7,0.7,1.5,0.5,3.2,0.4,0.8,14.6,11.4,"1,269","54,704","60,707",82.3,"1,561.40",21817,17615,Weekly,10311.94,,,,
2022-2023,Mitchell Shire Council,Peri-Urban Area,36.6,2.7,"49,712",43.4,1.6,1.3,0.8,42.6,1.7,4.0,1.7,0.7,1.5,0.5,3.2,0.4,0.8,14.6,11.4,"1,269","54,704","60,707",82.3,"1,561.40",17181,18584,Weekly,10273.0,,,,
2018-2019,Moira Shire Council,Rural Area,48.1,2.3,"30,367",51.1,0.7,0.3,0.9,37.7,1.3,3.5,1.1,0.2,2.0,0.4,0.8,0.3,0.2,9.9,5.2,76,"45,447","50,184",72.8,811.4,14479,12500,Weekly,4503.0,8364.0,Fortnightly,Yes,2368.0
2019-2020,Moira Shire Council,Rural Area,48.1,2.3,"30,367",51.1,0.7,0.3,0.9,37.7,1.3,3.5,1.1,0.2,2.0,0.4,0.8,0.3,0.2,9.9,5.2,76,"45,447","50,184",72.8,811.4,14078,14002,Weekly,4527.0,10534.0,Fortnightly,Yes,3348.0
2020-2021,Moira Shire Council,Rural Area,48.1,2.3,"30,367",51.1,0.7,0.3,0.9,37.7,1.3,3.5,1.1,0.2,2.0,0.4,0.8,0.3,0.2,9.9,5.2,76,"45,447","50,184",72.8,811.4,15000,14000,Weekly,4830.0,12000.0,Fortnightly,Yes,3711.0
2021-2022,Moira Shire Council,Rural Area,48.1,2.3,"30,367",51.1,0.7,0.3,0.9,37.7,1.3,3.5,1.1,0.2,2.0,0.4,0.8,0.3,0.2,9.9,5.2,76,"45,447","50,184",72.8,811.4,12172,11079,Weekly,4920.1,10511.0,Fortnightly,Yes,4061.92
2022-2023,Moira Shire Council,Rural Area,48.1,2.3,"30,367",51.1,0.7,0.3,0.9,37.7,1.3,3.5,1.1,0.2,2.0,0.4,0.8,0.3,0.2,9.9,5.2,76,"45,447","50,184",72.8,811.4,10943,12384,Weekly,4807.0,10957.0,Fortnightly,Yes,3646.26
2018-2019,Monash City Council,Metropolitan Suburb,38.0,2.7,"192,893",39.3,2.7,7.5,7.2,35.8,1.3,3.0,5.6,1.9,8.7,15.2,12.4,1.1,1.2,50.3,52.0,"-2,454","51,173","63,721",72.8,"7,230.60",72485,69266,Weekly,31697.0,62780.0,Fortnightly,No,17279.0
2019-2020,Monash City Council,Metropolitan Suburb,38.0,2.7,"192,893",39.3,2.7,7.5,7.2,35.8,1.3,3.0,5.6,1.9,8.7,15.2,12.4,1.1,1.2,50.3,52.0,"-2,454","51,173","63,721",72.8,"7,230.60",75024,78385,Weekly,34777.0,67000.0,Fortnightly,No,21273.0
2020-2021,Monash City Council,Metropolitan Suburb,38.0,2.7,"192,893",39.3,2.7,7.5,7.2,35.8,1.3,3.0,5.6,1.9,8.7,15.2,12.4,1.1,1.2,50.3,52.0,"-2,454","51,173","63,721",72.8,"7,230.60",75024,83577,Weekly,33336.0,65000.0,Fortnightly,Yes,24690.0
2021-2022,Monash City Council,Metropolitan Suburb,38.0,2.7,"192,893",39.3,2.7,7.5,7.2,35.8,1.3,3.0,5.6,1.9,8.7,15.2,12.4,1.1,1.2,50.3,52.0,"-2,454","51,173","63,721",72.8,"7,230.60",81723,70023,Weekly,34868.65,64354.0,Fortnightly,Yes,23471.0
2022-2023,Monash City Council,Metropolitan Suburb,38.0,2.7,"192,893",39.3,2.7,7.5,7.2,35.8,1.3,3.0,5.6,1.9,8.7,15.2,12.4,1.1,1.2,50.3,52.0,"-2,454","51,173","63,721",72.8,"7,230.60",74981,69466,Fortnightly,23530.0,65230.0,Weekly,Yes,31565.0
2018-2019,Moonee Valley City Council,Metropolitan Suburb,39.3,2.4,"122,950",53.7,3.4,2.3,2.5,32.3,1.4,3.4,7.4,2.2,4.3,2.2,3.7,1.7,1.4,27.8,28.2,"-1,846","61,287","75,240",77.8,"6,036.90",54397,47705,Weekly,24081.0,30575.0,Fortnightly,Yes,6917.78
2019-2020,Moonee Valley City Council,Metropolitan Suburb,39.3,2.4,"122,950",53.7,3.4,2.3,2.5,32.3,1.4,3.4,7.4,2.2,4.3,2.2,3.7,1.7,1.4,27.8,28.2,"-1,846","61,287","75,240",77.8,"6,036.90",50907,48000,Weekly,25807.0,31000.0,Fortnightly,Yes,9876.0
2020-2021,Moonee Valley City Council,Metropolitan Suburb,39.3,2.4,"122,950",53.7,3.4,2.3,2.5,32.3,1.4,3.4,7.4,2.2,4.3,2.2,3.7,1.7,1.4,27.8,28.2,"-1,846","61,287","75,240",77.8,"6,036.90",51142,51142,Weekly,24650.0,32000.0,Fortnightly,Yes,9100.0
2021-2022,Moonee Valley City Council,Metropolitan Suburb,39.3,2.4,"122,950",53.7,3.4,2.3,2.5,32.3,1.4,3.4,7.4,2.2,4.3,2.2,3.7,1.7,1.4,27.8,28.2,"-1,846","61,287","75,240",77.8,"6,036.90",51547,51247,Weekly,24692.0,32000.0,Fortnightly,Yes,9429.0
2022-2023,Moonee Valley City Council,Metropolitan Suburb,39.3,2.4,"122,950",53.7,3.4,2.3,2.5,32.3,1.4,3.4,7.4,2.2,4.3,2.2,3.7,1.7,1.4,27.8,28.2,"-1,846","61,287","75,240",77.8,"6,036.90",55502,51948,Weekly,22051.77,33590.0,Fortnightly,Yes,9226.0
2018-2019,Moorabool Shire Council,Peri-Urban Area,39.1,2.6,"37,910",43.8,0.6,1.0,0.6,45.9,1.6,5.5,2.1,0.2,1.0,0.3,2.4,0.7,0.6,14.2,7.8,617,"57,005","64,434",80.1,"1,320.90",13121,13487,Weekly,6171.19,2392.0,Fortnightly,No,687.06
2019-2020,Moorabool Shire Council,Peri-Urban Area,39.1,2.6,"37,910",43.8,0.6,1.0,0.6,45.9,1.6,5.5,2.1,0.2,1.0,0.3,2.4,0.7,0.6,14.2,7.8,617,"57,005","64,434",80.1,"1,320.90",15900,15900,Weekly,7077.57,3173.0,Fortnightly,No,1162.36
2020-2021,Moorabool Shire Council,Peri-Urban Area,39.1,2.6,"37,910",43.8,0.6,1.0,0.6,45.9,1.6,5.5,2.1,0.2,1.0,0.3,2.4,0.7,0.6,14.2,7.8,617,"57,005","64,434",80.1,"1,320.90",14599,14599,Weekly,7360.91,4775.0,Fortnightly,No,1509.18
2021-2022,Moorabool Shire Council,Peri-Urban Area,39.1,2.6,"37,910",43.8,0.6,1.0,0.6,45.9,1.6,5.5,2.1,0.2,1.0,0.3,2.4,0.7,0.6,14.2,7.8,617,"57,005","64,434",80.1,"1,320.90",16992,14992,Weekly,7430.0,4666.0,Fortnightly,No,1948.0
2022-2023,Moorabool Shire Council,Peri-Urban Area,39.1,2.6,"37,910",43.8,0.6,1.0,0.6,45.9,1.6,5.5,2.1,0.2,1.0,0.3,2.4,0.7,0.6,14.2,7.8,617,"57,005","64,434",80.1,"1,320.90",12601,14993,Weekly,7287.0,5242.0,Fortnightly,No,1786.0
2018-2019,Mornington Peninsula Shire Council,Peri-Urban Area,48.1,2.4,"170,440",42.2,0.2,0.2,0.7,49.1,1.5,10.2,2.2,0.3,0.9,0.4,0.5,0.9,0.7,17.6,5.4,420,"50,063","62,531",67.9,"6,333.70",91307,91307,Weekly,31049.41,37103.0,Fortnightly,,13217.0
2019-2020,Mornington Peninsula Shire Council,Peri-Urban Area,48.1,2.4,"170,440",42.2,0.2,0.2,0.7,49.1,1.5,10.2,2.2,0.3,0.9,0.4,0.5,0.9,0.7,17.6,5.4,420,"50,063","62,531",67.9,"6,333.70",92316,92316,Weekly,32021.0,40919.0,Fortnightly,,16650.77
2020-2021,Mornington Peninsula Shire Council,Peri-Urban Area,48.1,2.4,"170,440",42.2,0.2,0.2,0.7,49.1,1.5,10.2,2.2,0.3,0.9,0.4,0.5,0.9,0.7,17.6,5.4,420,"50,063","62,531",67.9,"6,333.70",92538,93092,Weekly,33948.5,45646.0,Fortnightly,,18168.75
2021-2022,Mornington Peninsula Shire Council,Peri-Urban Area,48.1,2.4,"170,440",42.2,0.2,0.2,0.7,49.1,1.5,10.2,2.2,0.3,0.9,0.4,0.5,0.9,0.7,17.6,5.4,420,"50,063","62,531",67.9,"6,333.70",95779,93527,Weekly,31954.0,50095.0,Fortnightly,Yes,20823.95
2022-2023,Mornington Peninsula Shire Council,Peri-Urban Area,48.1,2.4,"170,440",42.2,0.2,0.2,0.7,49.1,1.5,10.2,2.2,0.3,0.9,0.4,0.5,0.9,0.7,17.6,5.4,420,"50,063","62,531",67.9,"6,333.70",88632,93587,Weekly,30431.01,53506.0,Fortnightly,Yes,21659.64
2018-2019,Mount Alexander Shire Council,Rural Area,50.8,2.2,"20,114",27.2,0.2,0.2,1.0,58.8,1.6,6.4,0.9,0.4,0.9,0.4,0.5,0.9,0.5,12.4,3.3,263,"48,211","55,507",67.3,562.5,9464,7982,Weekly,3097.14,,,,
2019-2020,Mount Alexander Shire Council,Rural Area,50.8,2.2,"20,114",27.2,0.2,0.2,1.0,58.8,1.6,6.4,0.9,0.4,0.9,0.4,0.5,0.9,0.5,12.4,3.3,263,"48,211","55,507",67.3,562.5,9144,7929,Weekly,3184.44,,,,
2020-2021,Mount Alexander Shire Council,Rural Area,50.8,2.2,"20,114",27.2,0.2,0.2,1.0,58.8,1.6,6.4,0.9,0.4,0.9,0.4,0.5,0.9,0.5,12.4,3.3,263,"48,211","55,507",67.3,562.5,9639,8245,Weekly,3400.36,,,,
2021-2022,Mount Alexander Shire Council,Rural Area,50.8,2.2,"20,114",27.2,0.2,0.2,1.0,58.8,1.6,6.4,0.9,0.4,0.9,0.4,0.5,0.9,0.5,12.4,3.3,263,"48,211","55,507",67.3,562.5,9363,8433,Weekly,3358.1,,,,
2022-2023,Mount Alexander Shire Council,Rural Area,50.8,2.2,"20,114",27.2,0.2,0.2,1.0,58.8,1.6,6.4,0.9,0.4,0.9,0.4,0.5,0.9,0.5,12.4,3.3,263,"48,211","55,507",67.3,562.5,9626,8500,Weekly,3228.0,,,,
2018-2019,Moyne Shire Council,Rural Area,44.5,2.5,"17,296",49.3,0.1,0.1,0.4,41.7,1.7,3.4,0.2,0.1,0.9,0.2,0.2,0.4,0.4,7.4,2.2,132,"45,286","51,748",64.4,600.5,8500,5700,Weekly,2084.77,5900.0,Fortnightly,Yes,1937.56
2019-2020,Moyne Shire Council,Rural Area,44.5,2.5,"17,296",49.3,0.1,0.1,0.4,41.7,1.7,3.4,0.2,0.1,0.9,0.2,0.2,0.4,0.4,7.4,2.2,132,"45,286","51,748",64.4,600.5,8273,5896,Weekly,2139.0,5896.0,Fortnightly,Yes,2177.0
2020-2021,Moyne Shire Council,Rural Area,44.5,2.5,"17,296",49.3,0.1,0.1,0.4,41.7,1.7,3.4,0.2,0.1,0.9,0.2,0.2,0.4,0.4,7.4,2.2,132,"45,286","51,748",64.4,600.5,8238,6088,Weekly,2293.86,6088.0,Fortnightly,Yes,2464.98
2021-2022,Moyne Shire Council,Rural Area,44.5,2.5,"17,296",49.3,0.1,0.1,0.4,41.7,1.7,3.4,0.2,0.1,0.9,0.2,0.2,0.4,0.4,7.4,2.2,132,"45,286","51,748",64.4,600.5,4566,6270,Weekly,2360.5,6270.0,Fortnightly,Yes,2299.36
2022-2023,Moyne Shire Council,Rural Area,44.5,2.5,"17,296",49.3,0.1,0.1,0.4,41.7,1.7,3.4,0.2,0.1,0.9,0.2,0.2,0.4,0.4,7.4,2.2,132,"45,286","51,748",64.4,600.5,6429,6037,Weekly,2226.2,6037.0,Fortnightly,Yes,2437.14
2018-2019,Murrindindi Shire Council,Rural Area,50.2,2.3,"15,139",37.5,0.2,0.1,0.8,50.1,1.4,5.7,1.2,0.2,0.8,0.2,0.7,0.6,0.5,11.3,3.7,243,"47,170","55,385",69.3,434.6,6668,6501,Weekly,2629.86,,,,
2019-2020,Murrindindi Shire Council,Rural Area,50.2,2.3,"15,139",37.5,0.2,0.1,0.8,50.1,1.4,5.7,1.2,0.2,0.8,0.2,0.7,0.6,0.5,11.3,3.7,243,"47,170","55,385",69.3,434.6,6592,6592,Weekly,2734.0,,,,
2020-2021,Murrindindi Shire Council,Rural Area,50.2,2.3,"15,139",37.5,0.2,0.1,0.8,50.1,1.4,5.7,1.2,0.2,0.8,0.2,0.7,0.6,0.5,11.3,3.7,243,"47,170","55,385",69.3,434.6,6767,6661,Weekly,2874.26,,,,
2021-2022,Murrindindi Shire Council,Rural Area,50.2,2.3,"15,139",37.5,0.2,0.1,0.8,50.1,1.4,5.7,1.2,0.2,0.8,0.2,0.7,0.6,0.5,11.3,3.7,243,"47,170","55,385",69.3,434.6,6112,6842,Weekly,2935.0,,,,
2022-2023,Murrindindi Shire Council,Rural Area,50.2,2.3,"15,139",37.5,0.2,0.1,0.8,50.1,1.4,5.7,1.2,0.2,0.8,0.2,0.7,0.6,0.5,11.3,3.7,243,"47,170","55,385",69.3,434.6,5187,7000,Weekly,2895.83,,,,
2018-2019,Nillumbik Shire Council,Peri-Urban Area,42.3,2.9,"63,450",42.6,0.8,0.6,1.0,50.1,1.2,6.5,2.5,1.0,1.2,1.2,1.0,1.0,0.8,16.3,9.6,-648,"59,749","74,166",74.4,"3,054.30",22026,22026,Fortnightly,8059.0,22026.0,Weekly,Yes,6234.0
2019-2020,Nillumbik Shire Council,Peri-Urban Area,42.3,2.9,"63,450",42.6,0.8,0.6,1.0,50.1,1.2,6.5,2.5,1.0,1.2,1.2,1.0,1.0,0.8,16.3,9.6,-648,"59,749","74,166",74.4,"3,054.30",22100,22100,Fortnightly,9132.0,22100.0,Weekly,Yes,8135.0
2020-2021,Nillumbik Shire Council,Peri-Urban Area,42.3,2.9,"63,450",42.6,0.8,0.6,1.0,50.1,1.2,6.5,2.5,1.0,1.2,1.2,1.0,1.0,0.8,16.3,9.6,-648,"59,749","74,166",74.4,"3,054.30",22772,22272,Fortnightly,6758.0,22772.0,Weekly,Yes,10901.0
2021-2022,Nillumbik Shire Council,Peri-Urban Area,42.3,2.9,"63,450",42.6,0.8,0.6,1.0,50.1,1.2,6.5,2.5,1.0,1.2,1.2,1.0,1.0,0.8,16.3,9.6,-648,"59,749","74,166",74.4,"3,054.30",22229,22299,Fortnightly,8530.0,22299.0,Weekly,Yes,10670.0
2022-2023,Nillumbik Shire Council,Peri-Urban Area,42.3,2.9,"63,450",42.6,0.8,0.6,1.0,50.1,1.2,6.5,2.5,1.0,1.2,1.2,1.0,1.0,0.8,16.3,9.6,-648,"59,749","74,166",74.4,"3,054.30",18626,21960,Fortnightly,6538.0,21960.0,Weekly,Yes,10717.0
2018-2019,Northern Grampians Shire Council,Rural Area,49.1,2.2,"11,886",43.3,0.4,0.4,0.5,44.2,0.9,3.1,0.5,0.2,1.6,0.9,1.0,0.4,0.5,9.2,5.4,-13,"46,352","50,599",71.9,345.2,5908,5908,Weekly,3500.0,,,,
2019-2020,Northern Grampians Shire Council,Rural Area,49.1,2.2,"11,886",43.3,0.4,0.4,0.5,44.2,0.9,3.1,0.5,0.2,1.6,0.9,1.0,0.4,0.5,9.2,5.4,-13,"46,352","50,599",71.9,345.2,5918,5901,Weekly,2607.0,,,,
2020-2021,Northern Grampians Shire Council,Rural Area,49.1,2.2,"11,886",43.3,0.4,0.4,0.5,44.2,0.9,3.1,0.5,0.2,1.6,0.9,1.0,0.4,0.5,9.2,5.4,-13,"46,352","50,599",71.9,345.2,7173,5920,Weekly,2735.0,,,,
2021-2022,Northern Grampians Shire Council,Rural Area,49.1,2.2,"11,886",43.3,0.4,0.4,0.5,44.2,0.9,3.1,0.5,0.2,1.6,0.9,1.0,0.4,0.5,9.2,5.4,-13,"46,352","50,599",71.9,345.2,6651,4540,Weekly,2796.13,,,,
2022-2023,Northern Grampians Shire Council,Rural Area,49.1,2.2,"11,886",43.3,0.4,0.4,0.5,44.2,0.9,3.1,0.5,0.2,1.6,0.9,1.0,0.4,0.5,9.2,5.4,-13,"46,352","50,599",71.9,345.2,4978,5509,Weekly,2822.83,,,,
2018-2019,Port Phillip City Council,Metropolitan Suburb,38.1,1.9,"103,438",31.7,1.3,2.1,1.7,51.0,2.9,9.5,4.9,1.4,3.2,2.8,2.9,4.0,1.4,32.9,21.1,"-2,412","63,189","83,434",77.1,"7,066.90",70886,39115,Weekly,20700.0,,,,
2019-2020,Port Phillip City Council,Metropolitan Suburb,38.1,1.9,"103,438",31.7,1.3,2.1,1.7,51.0,2.9,9.5,4.9,1.4,3.2,2.8,2.9,4.0,1.4,32.9,21.1,"-2,412","63,189","83,434",77.1,"7,066.90",71749,39252,Weekly,22684.0,,,,
2020-2021,Port Phillip City Council,Metropolitan Suburb,38.1,1.9,"103,438",31.7,1.3,2.1,1.7,51.0,2.9,9.5,4.9,1.4,3.2,2.8,2.9,4.0,1.4,32.9,21.1,"-2,412","63,189","83,434",77.1,"7,066.90",72466,39406,Weekly,21257.0,,,,
2021-2022,Port Phillip City Council,Metropolitan Suburb,38.1,1.9,"103,438",31.7,1.3,2.1,1.7,51.0,2.9,9.5,4.9,1.4,3.2,2.8,2.9,4.0,1.4,32.9,21.1,"-2,412","63,189","83,434",77.1,"7,066.90",66632,36493,Weekly,20319.04,388.0,Fortnightly,Yes,590.22
2022-2023,Port Phillip City Council,Metropolitan Suburb,38.1,1.9,"103,438",31.7,1.3,2.1,1.7,51.0,2.9,9.5,4.9,1.4,3.2,2.8,2.9,4.0,1.4,32.9,21.1,"-2,412","63,189","83,434",77.1,"7,066.90",67987,39549,Weekly,18543.0,16421.0,Weekly,Yes,1031.0
2018-2019,Pyrenees Shire Council,Rural Area,50.3,2.2,"7,619",40.6,0.1,-,0.4,44.0,1.3,5.3,0.9,0.2,0.8,0.1,0.1,0.5,0.3,9.6,2.2,85,"44,955","50,618",69.6,179.3,3657,2777,Weekly,1797.0,1426.0,Monthly,No,240.0
2019-2020,Pyrenees Shire Council,Rural Area,50.3,2.2,"7,619",40.6,0.1,-,0.4,44.0,1.3,5.3,0.9,0.2,0.8,0.1,0.1,0.5,0.3,9.6,2.2,85,"44,955","50,618",69.6,179.3,3885,2836,Weekly,1820.27,1444.0,Monthly,No,25.0
2020-2021,Pyrenees Shire Council,Rural Area,50.3,2.2,"7,619",40.6,0.1,-,0.4,44.0,1.3,5.3,0.9,0.2,0.8,0.1,0.1,0.5,0.3,9.6,2.2,85,"44,955","50,618",69.6,179.3,3969,2803,Weekly,1852.0,1444.0,Monthly,No,25.0
2021-2022,Pyrenees Shire Council,Rural Area,50.3,2.2,"7,619",40.6,0.1,-,0.4,44.0,1.3,5.3,0.9,0.2,0.8,0.1,0.1,0.5,0.3,9.6,2.2,85,"44,955","50,618",69.6,179.3,3116,3727,Fortnightly,1875.0,1700.0,Monthly,Yes,105.0
2022-2023,Pyrenees Shire Council,Rural Area,50.3,2.2,"7,619",40.6,0.1,-,0.4,44.0,1.3,5.3,0.9,0.2,0.8,0.1,0.1,0.5,0.3,9.6,2.2,85,"44,955","50,618",69.6,179.3,2089,3750,Weekly,1102.0,1420.0,4 weeks,No,240.0
2018-2019,Queenscliffe Borough Council,Rural Area,62.6,2.0,"3,236",47.1,0.2,0.5,0.7,42.8,1.3,5.8,1.0,0.2,0.8,0.4,0.4,0.8,0.2,10.7,3.4,70,"48,817","63,098",51.5,132.4,2861,2861,Weekly,1049.0,2861.0,Fortnightly,No,612.0
2019-2020,Queenscliffe Borough Council,Rural Area,62.6,2.0,"3,236",47.1,0.2,0.5,0.7,42.8,1.3,5.8,1.0,0.2,0.8,0.4,0.4,0.8,0.2,10.7,3.4,70,"48,817","63,098",51.5,132.4,2875,2861,Weekly,1184.0,2861.0,Fortnightly,No,709.0
2020-2021,Queenscliffe Borough Council,Rural Area,62.6,2.0,"3,236",47.1,0.2,0.5,0.7,42.8,1.3,5.8,1.0,0.2,0.8,0.4,0.4,0.8,0.2,10.7,3.4,70,"48,817","63,098",51.5,132.4,2867,2867,,1048.44,2861.0,,No,
2021-2022,Queenscliffe Borough Council,Rural Area,62.6,2.0,"3,236",47.1,0.2,0.5,0.7,42.8,1.3,5.8,1.0,0.2,0.8,0.4,0.4,0.8,0.2,10.7,3.4,70,"48,817","63,098",51.5,132.4,2896,2896,Weekly,1034.0,2896.0,Fortnightly,No,823.15
2022-2023,Queenscliffe Borough Council,Rural Area,62.6,2.0,"3,236",47.1,0.2,0.5,0.7,42.8,1.3,5.8,1.0,0.2,0.8,0.4,0.4,0.8,0.2,10.7,3.4,70,"48,817","63,098",51.5,132.4,2821,2888,Fortnightly,743.56,2888.0,Weekly,Yes,1122.05
2018-2019,South Gippsland Shire Council,Rural Area,48.9,2.3,"30,388",38.7,-,0.2,0.5,51.4,1.3,6.3,1.2,0.1,0.8,0.3,0.5,0.5,0.4,11.5,3.9,256,"45,484","53,099",65.0,892.8,15750,11801,Weekly,4224.5,7639.0,Fortnightly,No,2233.2
2019-2020,South Gippsland Shire Council,Rural Area,48.9,2.3,"30,388",38.7,-,0.2,0.5,51.4,1.3,6.3,1.2,0.1,0.8,0.3,0.5,0.5,0.4,11.5,3.9,256,"45,484","53,099",65.0,892.8,14208,12157,Weekly,4395.4,7866.0,Fortnightly,No,2522.2
2020-2021,South Gippsland Shire Council,Rural Area,48.9,2.3,"30,388",38.7,-,0.2,0.5,51.4,1.3,6.3,1.2,0.1,0.8,0.3,0.5,0.5,0.4,11.5,3.9,256,"45,484","53,099",65.0,892.8,14408,12370,Weekly,4628.94,8139.0,Fortnightly,No,2633.64
2021-2022,South Gippsland Shire Council,Rural Area,48.9,2.3,"30,388",38.7,-,0.2,0.5,51.4,1.3,6.3,1.2,0.1,0.8,0.3,0.5,0.5,0.4,11.5,3.9,256,"45,484","53,099",65.0,892.8,14508,11575,Weekly,4657.55,8139.0,Fortnightly,Yes,2685.9
2022-2023,South Gippsland Shire Council,Rural Area,48.9,2.3,"30,388",38.7,-,0.2,0.5,51.4,1.3,6.3,1.2,0.1,0.8,0.3,0.5,0.5,0.4,11.5,3.9,256,"45,484","53,099",65.0,892.8,14754,12825,Weekly,4271.71,8705.0,Fortnightly,No,2711.29
2018-2019,Southern Grampians Shire Council,Rural Area,46.8,2.2,"16,492",50.6,0.2,0.3,0.4,40.1,1.4,3.2,0.3,0.1,0.7,0.2,0.7,0.4,0.6,7.7,3.0,-50,"45,418","49,690",67.6,502.9,6664,6353,Weekly,2374.0,1272.0,Fortnightly,Yes,505.0
2019-2020,Southern Grampians Shire Council,Rural Area,46.8,2.2,"16,492",50.6,0.2,0.3,0.4,40.1,1.4,3.2,0.3,0.1,0.7,0.2,0.7,0.4,0.6,7.7,3.0,-50,"45,418","49,690",67.6,502.9,7404,6108,Weekly,2480.0,1136.0,Fortnightly,Yes,619.0
2020-2021,Southern Grampians Shire Council,Rural Area,46.8,2.2,"16,492",50.6,0.2,0.3,0.4,40.1,1.4,3.2,0.3,0.1,0.7,0.2,0.7,0.4,0.6,7.7,3.0,-50,"45,418","49,690",67.6,502.9,7315,6456,Weekly,2244.74,6267.0,Fortnightly,Yes,2389.0
2021-2022,Southern Grampians Shire Council,Rural Area,46.8,2.2,"16,492",50.6,0.2,0.3,0.4,40.1,1.4,3.2,0.3,0.1,0.7,0.2,0.7,0.4,0.6,7.7,3.0,-50,"45,418","49,690",67.6,502.9,7374,6610,Fortnightly,2160.0,6373.0,Fortnightly,Yes,2300.0
2022-2023,Southern Grampians Shire Council,Rural Area,46.8,2.2,"16,492",50.6,0.2,0.3,0.4,40.1,1.4,3.2,0.3,0.1,0.7,0.2,0.7,0.4,0.6,7.7,3.0,-50,"45,418","49,690",67.6,502.9,6468,6336,Weekly,2214.7,6419.0,Fortnightly,Yes,2421.0
2018-2019,Stonnington City Council,Metropolitan Suburb,36.7,2.1,"106,190",37.9,1.2,2.4,2.2,45.0,2.3,6.5,4.3,1.2,4.1,5.3,3.5,2.6,1.4,31.4,22.2,"-1,668","64,813","90,760",70.3,"8,625.20",57877,57877,Weekly,20650.0,12263.0,Fortnightly,,3309.0
2019-2020,Stonnington City Council,Metropolitan Suburb,36.7,2.1,"106,190",37.9,1.2,2.4,2.2,45.0,2.3,6.5,4.3,1.2,4.1,5.3,3.5,2.6,1.4,31.4,22.2,"-1,668","64,813","90,760",70.3,"8,625.20",58797,58797,Weekly,20145.0,12688.0,Fortnightly,Yes,4095.0
2020-2021,Stonnington City Council,Metropolitan Suburb,36.7,2.1,"106,190",37.9,1.2,2.4,2.2,45.0,2.3,6.5,4.3,1.2,4.1,5.3,3.5,2.6,1.4,31.4,22.2,"-1,668","64,813","90,760",70.3,"8,625.20",59835,59835,Weekly,20844.0,13678.0,Fortnightly,Yes,4439.0
2021-2022,Stonnington City Council,Metropolitan Suburb,36.7,2.1,"106,190",37.9,1.2,2.4,2.2,45.0,2.3,6.5,4.3,1.2,4.1,5.3,3.5,2.6,1.4,31.4,22.2,"-1,668","64,813","90,760",70.3,"8,625.20",60067,60076,Weekly,20722.0,14430.0,Fortnightly,Yes,4749.0
2022-2023,Stonnington City Council,Metropolitan Suburb,36.7,2.1,"106,190",37.9,1.2,2.4,2.2,45.0,2.3,6.5,4.3,1.2,4.1,5.3,3.5,2.6,1.4,31.4,22.2,"-1,668","64,813","90,760",70.3,"8,625.20",60055,60318,Weekly,20535.0,15500.0,Fortnightly,Yes,4423.16
2018-2019,Strathbogie Shire Council,Rural Area,53.3,2.2,"11,368",46.2,0.3,0.3,0.9,40.7,1.1,4.6,1.0,0.1,1.2,0.5,0.5,0.5,0.3,9.8,3.7,218,"47,188","53,352",67.7,308.1,5902,3885,Fortnightly,1003.14,3865.0,Weekly,Yes,1263.1
2019-2020,Strathbogie Shire Council,Rural Area,53.3,2.2,"11,368",46.2,0.3,0.3,0.9,40.7,1.1,4.6,1.0,0.1,1.2,0.5,0.5,0.5,0.3,9.8,3.7,218,"47,188","53,352",67.7,308.1,4510,4132,Fortnightly,1077.0,4510.0,Weekly,Yes,1515.0
2020-2021,Strathbogie Shire Council,Rural Area,53.3,2.2,"11,368",46.2,0.3,0.3,0.9,40.7,1.1,4.6,1.0,0.1,1.2,0.5,0.5,0.5,0.3,9.8,3.7,218,"47,188","53,352",67.7,308.1,7063,4211,Fortnightly,1130.82,4247.0,Weekly,Yes,1681.32
2021-2022,Strathbogie Shire Council,Rural Area,53.3,2.2,"11,368",46.2,0.3,0.3,0.9,40.7,1.1,4.6,1.0,0.1,1.2,0.5,0.5,0.5,0.3,9.8,3.7,218,"47,188","53,352",67.7,308.1,5280,3430,Fortnightly,1164.2,3368.0,Weekly,Yes,1757.0
2022-2023,Strathbogie Shire Council,Rural Area,53.3,2.2,"11,368",46.2,0.3,0.3,0.9,40.7,1.1,4.6,1.0,0.1,1.2,0.5,0.5,0.5,0.3,9.8,3.7,218,"47,188","53,352",67.7,308.1,3772,3800,Fortnightly,1124.62,3800.0,Weekly,Yes,1728.97
2018-2019,Surf Coast Shire Council,Rural Area,42.3,2.6,"37,648",38.1,0.2,0.2,0.6,53.6,1.4,6.0,1.1,0.2,0.6,0.4,0.3,1.1,0.7,11.8,4.1,"1,364","53,102","66,383",67.5,"1,552.50",17226,17226,Weekly,6489.0,17226.0,Fortnightly,No,3051.0
2019-2020,Surf Coast Shire Council,Rural Area,42.3,2.6,"37,648",38.1,0.2,0.2,0.6,53.6,1.4,6.0,1.1,0.2,0.6,0.4,0.3,1.1,0.7,11.8,4.1,"1,364","53,102","66,383",67.5,"1,552.50",17868,17868,Weekly,6641.0,17868.0,Fortnightly,Yes,3806.0
2020-2021,Surf Coast Shire Council,Rural Area,42.3,2.6,"37,648",38.1,0.2,0.2,0.6,53.6,1.4,6.0,1.1,0.2,0.6,0.4,0.3,1.1,0.7,11.8,4.1,"1,364","53,102","66,383",67.5,"1,552.50",18275,18275,Fortnightly,6279.0,18275.0,Fortnightly,Yes,5754.0
2021-2022,Surf Coast Shire Council,Rural Area,42.3,2.6,"37,648",38.1,0.2,0.2,0.6,53.6,1.4,6.0,1.1,0.2,0.6,0.4,0.3,1.1,0.7,11.8,4.1,"1,364","53,102","66,383",67.5,"1,552.50",18593,18593,Fortnightly,5264.0,18627.0,Weekly,Yes,8434.0
2022-2023,Surf Coast Shire Council,Rural Area,42.3,2.6,"37,648",38.1,0.2,0.2,0.6,53.6,1.4,6.0,1.1,0.2,0.6,0.4,0.3,1.1,0.7,11.8,4.1,"1,364","53,102","66,383",67.5,"1,552.50",18551,20492,Fortnightly,4557.0,20492.0,Weekly,Yes,8350.0
2018-2019,Swan Hill Rural City Council,Rural Area,34.9,2.5,"158,689",41.3,4.0,3.1,2.4,40.2,3.8,8.1,2.2,1.5,6.9,0.9,5.3,0.8,3.9,33.5,23.2,"2,347","40,397","45,544",75.1,664,8497,8497,Weekly,3931.72,1042.0,Fortnightly,,336.86
2019-2020,Swan Hill Rural City Council,Rural Area,34.9,2.5,"158,689",41.3,4.0,3.1,2.4,40.2,3.8,8.1,2.2,1.5,6.9,0.9,5.3,0.8,3.9,33.5,23.2,"2,347","40,397","45,544",75.1,664,8758,8544,Weekly,5202.0,1134.0,Fortnightly,,362.0
2020-2021,Swan Hill Rural City Council,Rural Area,34.9,2.5,"158,689",41.3,4.0,3.1,2.4,40.2,3.8,8.1,2.2,1.5,6.9,0.9,5.3,0.8,3.9,33.5,23.2,"2,347","40,397","45,544",75.1,664,8596,8596,Weekly,4715.0,1296.0,Fortnightly,,436.0
2021-2022,Swan Hill Rural City Council,Rural Area,34.9,2.5,"158,689",41.3,4.0,3.1,2.4,40.2,3.8,8.1,2.2,1.5,6.9,0.9,5.3,0.8,3.9,33.5,23.2,"2,347","40,397","45,544",75.1,664,8062,8524,Weekly,4949.0,1474.0,Fortnightly,No,547.0
2022-2023,Swan Hill Rural City Council,Rural Area,34.9,2.5,"158,689",41.3,4.0,3.1,2.4,40.2,3.8,8.1,2.2,1.5,6.9,0.9,5.3,0.8,3.9,33.5,23.2,"2,347","40,397","45,544",75.1,664,7206,8739,Weekly,5392.89,1584.0,Fortnightly,No,614.0
2018-2019,Towong Shire Council,Rural Area,51.8,2.2,"6,186",48.6,0.3,0.2,0.4,39.1,1.2,4.3,0.7,0.1,0.8,0.2,0.4,0.5,0.3,8.5,2.8,-13,"45,840","52,398",64.4,192.7,4107,3044,Weekly,1900.0,,,,
2019-2020,Towong Shire Council,Rural Area,51.8,2.2,"6,186",48.6,0.3,0.2,0.4,39.1,1.2,4.3,0.7,0.1,0.8,0.2,0.4,0.5,0.3,8.5,2.8,-13,"45,840","52,398",64.4,192.7,2960,2963,Weekly,1900.0,,,,
2020-2021,Towong Shire Council,Rural Area,51.8,2.2,"6,186",48.6,0.3,0.2,0.4,39.1,1.2,4.3,0.7,0.1,0.8,0.2,0.4,0.5,0.3,8.5,2.8,-13,"45,840","52,398",64.4,192.7,2740,2740,Weekly,1900.0,,,,
2021-2022,Towong Shire Council,Rural Area,51.8,2.2,"6,186",48.6,0.3,0.2,0.4,39.1,1.2,4.3,0.7,0.1,0.8,0.2,0.4,0.5,0.3,8.5,2.8,-13,"45,840","52,398",64.4,192.7,1675,2890,Weekly,1212.81,,,,
2022-2023,Towong Shire Council,Rural Area,51.8,2.2,"6,186",48.6,0.3,0.2,0.4,39.1,1.2,4.3,0.7,0.1,0.8,0.2,0.4,0.5,0.3,8.5,2.8,-13,"45,840","52,398",64.4,192.7,1713,3041,Weekly,1198.0,,,,
2018-2019,Wangaratta Rural City Council,Rural Area,45.3,2.3,"29,751",48.3,0.2,0.6,0.8,42.0,0.8,3.3,1.4,0.1,1.3,0.3,1.0,0.4,0.4,9.0,5.2,192,"49,046","54,466",74.8,915.3,14237,14749,Fortnightly,4718.28,8805.0,Weekly,Yes,3738.46
2019-2020,Wangaratta Rural City Council,Rural Area,45.3,2.3,"29,751",48.3,0.2,0.6,0.8,42.0,0.8,3.3,1.4,0.1,1.3,0.3,1.0,0.4,0.4,9.0,5.2,192,"49,046","54,466",74.8,915.3,13939,13939,Fortnightly,4626.0,8805.0,Weekly,Yes,4177.05
2020-2021,Wangaratta Rural City Council,Rural Area,45.3,2.3,"29,751",48.3,0.2,0.6,0.8,42.0,0.8,3.3,1.4,0.1,1.3,0.3,1.0,0.4,0.4,9.0,5.2,192,"49,046","54,466",74.8,915.3,14430,14462,Fortnightly,5408.0,8850.0,Weekly,Yes,5712.0
2021-2022,Wangaratta Rural City Council,Rural Area,45.3,2.3,"29,751",48.3,0.2,0.6,0.8,42.0,0.8,3.3,1.4,0.1,1.3,0.3,1.0,0.4,0.4,9.0,5.2,192,"49,046","54,466",74.8,915.3,8894,8816,Fortnightly,4920.0,10269.0,Weekly,Yes,6133.0
2022-2023,Wangaratta Rural City Council,Rural Area,45.3,2.3,"29,751",48.3,0.2,0.6,0.8,42.0,0.8,3.3,1.4,0.1,1.3,0.3,1.0,0.4,0.4,9.0,5.2,192,"49,046","54,466",74.8,915.3,11964,15265,Fortnightly,4841.96,10520.0,Weekly,Yes,4415.43
2018-2019,Warrnambool City Council,Regional City,41.7,2.3,"35,433",47.3,0.3,0.5,0.9,43.6,1.3,3.0,0.4,0.2,1.7,1.0,1.0,0.4,0.5,9.6,5.4,68,"48,627","54,270",77.5,"1,241.20",15199,15199,Weekly,6059.0,15199.0,Fortnightly,Yes,1800.0
2019-2020,Warrnambool City Council,Regional City,41.7,2.3,"35,433",47.3,0.3,0.5,0.9,43.6,1.3,3.0,0.4,0.2,1.7,1.0,1.0,0.4,0.5,9.6,5.4,68,"48,627","54,270",77.5,"1,241.20",15892,15892,Weekly,5200.0,15892.0,Fortnightly,Yes,5707.0
2020-2021,Warrnambool City Council,Regional City,41.7,2.3,"35,433",47.3,0.3,0.5,0.9,43.6,1.3,3.0,0.4,0.2,1.7,1.0,1.0,0.4,0.5,9.6,5.4,68,"48,627","54,270",77.5,"1,241.20",15760,15760,Weekly,5453.0,15760.0,Fortnightly,Yes,6278.8
2021-2022,Warrnambool City Council,Regional City,41.7,2.3,"35,433",47.3,0.3,0.5,0.9,43.6,1.3,3.0,0.4,0.2,1.7,1.0,1.0,0.4,0.5,9.6,5.4,68,"48,627","54,270",77.5,"1,241.20",15912,16132,Fortnightly,4964.58,16132.0,Fortnightly,Yes,6125.06
2022-2023,Warrnambool City Council,Regional City,41.7,2.3,"35,433",47.3,0.3,0.5,0.9,43.6,1.3,3.0,0.4,0.2,1.7,1.0,1.0,0.4,0.5,9.6,5.4,68,"48,627","54,270",77.5,"1,241.20",15989,16572,Fortnightly,4900.86,16033.0,Fortnightly,Yes,6503.34
2018-2019,Wellington Shire Council,Rural Area,44.4,2.3,"45,469",41.9,0.3,0.4,0.6,45.8,1.4,4.8,0.9,0.2,1.6,0.3,0.8,0.5,0.5,11.0,3.9,353,"49,656","59,879",74.7,"1,396.90",22662,17819,Weekly,6897.0,,,,
2019-2020,Wellington Shire Council,Rural Area,44.4,2.3,"45,469",41.9,0.3,0.4,0.6,45.8,1.4,4.8,0.9,0.2,1.6,0.3,0.8,0.5,0.5,11.0,3.9,353,"49,656","59,879",74.7,"1,396.90",19705,19705,Weekly,7283.0,,,,
2020-2021,Wellington Shire Council,Rural Area,44.4,2.3,"45,469",41.9,0.3,0.4,0.6,45.8,1.4,4.8,0.9,0.2,1.6,0.3,0.8,0.5,0.5,11.0,3.9,353,"49,656","59,879",74.7,"1,396.90",25500,19941,Weekly,7752.75,,,,
2021-2022,Wellington Shire Council,Rural Area,44.4,2.3,"45,469",41.9,0.3,0.4,0.6,45.8,1.4,4.8,0.9,0.2,1.6,0.3,0.8,0.5,0.5,11.0,3.9,353,"49,656","59,879",74.7,"1,396.90",24481,19667,Weekly,7790.03,,,,
2022-2023,Wellington Shire Council,Rural Area,44.4,2.3,"45,469",41.9,0.3,0.4,0.6,45.8,1.4,4.8,0.9,0.2,1.6,0.3,0.8,0.5,0.5,11.0,3.9,353,"49,656","59,879",74.7,"1,396.90",21843,18774,Weekly,7592.01,,,,
2018-2019,West Wimmera Shire Council,Rural Area,50.8,2.2,"3,978",50.5,0.5,0.3,0.1,37.7,1.0,3.2,0.4,-,0.7,0.2,0.6,0.3,0.3,6.7,2.4,-65,"41,314","46,174",54.3,152.8,1400,1634,Weekly,897.6,,,,
2019-2020,West Wimmera Shire Council,Rural Area,50.8,2.2,"3,978",50.5,0.5,0.3,0.1,37.7,1.0,3.2,0.4,-,0.7,0.2,0.6,0.3,0.3,6.7,2.4,-65,"41,314","46,174",54.3,152.8,1400,1635,Weekly,915.0,,,,
2020-2021,West Wimmera Shire Council,Rural Area,50.8,2.2,"3,978",50.5,0.5,0.3,0.1,37.7,1.0,3.2,0.4,-,0.7,0.2,0.6,0.3,0.3,6.7,2.4,-65,"41,314","46,174",54.3,152.8,1400,1635,Weekly,965.0,,,,
2021-2022,West Wimmera Shire Council,Rural Area,50.8,2.2,"3,978",50.5,0.5,0.3,0.1,37.7,1.0,3.2,0.4,-,0.7,0.2,0.6,0.3,0.3,6.7,2.4,-65,"41,314","46,174",54.3,152.8,1778,1168,Weekly,960.92,,,,
2022-2023,West Wimmera Shire Council,Rural Area,50.8,2.2,"3,978",50.5,0.5,0.3,0.1,37.7,1.0,3.2,0.4,-,0.7,0.2,0.6,0.3,0.3,6.7,2.4,-65,"41,314","46,174",54.3,152.8,1457,1643,Weekly,991.16,,,,
2018-2019,Whitehorse City Council,Metropolitan Suburb,39.2,2.6,"171,077",38.6,1.6,3.8,5.4,43.9,1.3,3.6,3.0,1.4,7.8,16.2,6.3,1.0,1.0,41.5,40.5,"-2,340","52,721","66,842",73.4,"6,787.30",69103,65583,Weekly,27288.0,42388.0,Fortnightly,,12458.0
2019-2020,Whitehorse City Council,Metropolitan Suburb,39.2,2.6,"171,077",38.6,1.6,3.8,5.4,43.9,1.3,3.6,3.0,1.4,7.8,16.2,6.3,1.0,1.0,41.5,40.5,"-2,340","52,721","66,842",73.4,"6,787.30",69103,62294,Weekly,27546.0,42950.0,Fortnightly,,15542.0
2020-2021,Whitehorse City Council,Metropolitan Suburb,39.2,2.6,"171,077",38.6,1.6,3.8,5.4,43.9,1.3,3.6,3.0,1.4,7.8,16.2,6.3,1.0,1.0,41.5,40.5,"-2,340","52,721","66,842",73.4,"6,787.30",71346,64925,Weekly,28402.0,44850.0,Fortnightly,,16276.0
2021-2022,Whitehorse City Council,Metropolitan Suburb,39.2,2.6,"171,077",38.6,1.6,3.8,5.4,43.9,1.3,3.6,3.0,1.4,7.8,16.2,6.3,1.0,1.0,41.5,40.5,"-2,340","52,721","66,842",73.4,"6,787.30",72321,63521,Weekly,27965.0,46799.0,Fortnightly,No,15418.0
2022-2023,Whitehorse City Council,Metropolitan Suburb,39.2,2.6,"171,077",38.6,1.6,3.8,5.4,43.9,1.3,3.6,3.0,1.4,7.8,16.2,6.3,1.0,1.0,41.5,40.5,"-2,340","52,721","66,842",73.4,"6,787.30",71529,64802,Weekly,24699.0,48076.0,Fortnightly,No,18043.32
2018-2019,Whittlesea City Council,Metropolitan Suburb,35.3,2.9,"231,831",47.2,9.0,6.2,3.3,24.3,1.8,2.0,8.8,5.3,4.7,2.2,10.9,0.7,1.4,37.6,45.1,874,"52,884","58,903",83.1,"7,101.70",76686,76686,Weekly,54408.0,43275.0,Fortnightly,,11263.0
2019-2020,Whittlesea City Council,Metropolitan Suburb,35.3,2.9,"231,831",47.2,9.0,6.2,3.3,24.3,1.8,2.0,8.8,5.3,4.7,2.2,10.9,0.7,1.4,37.6,45.1,874,"52,884","58,903",83.1,"7,101.70",78675,79258,Weekly,44644.0,46347.0,Fortnightly,Yes,17838.0
2020-2021,Whittlesea City Council,Metropolitan Suburb,35.3,2.9,"231,831",47.2,9.0,6.2,3.3,24.3,1.8,2.0,8.8,5.3,4.7,2.2,10.9,0.7,1.4,37.6,45.1,874,"52,884","58,903",83.1,"7,101.70",82195,82195,Weekly,44412.84,49881.0,Fortnightly,Yes,19076.0
2021-2022,Whittlesea City Council,Metropolitan Suburb,35.3,2.9,"231,831",47.2,9.0,6.2,3.3,24.3,1.8,2.0,8.8,5.3,4.7,2.2,10.9,0.7,1.4,37.6,45.1,874,"52,884","58,903",83.1,"7,101.70",82627,82627,Weekly,45468.0,52841.0,Fortnightly,Yes,19725.0
2022-2023,Whittlesea City Council,Metropolitan Suburb,35.3,2.9,"231,831",47.2,9.0,6.2,3.3,24.3,1.8,2.0,8.8,5.3,4.7,2.2,10.9,0.7,1.4,37.6,45.1,874,"52,884","58,903",83.1,"7,101.70",84925,85214,Weekly,44431.0,55446.0,Fortnightly,Yes,18993.0
2018-2019,Wodonga City Council,Regional City,37.5,2.4,"43,207",46.0,0.4,1.2,0.8,44.5,1.1,3.7,1.0,0.3,1.6,0.3,1.7,0.4,1.3,11.3,6.9,392,"53,368","57,239",81.4,"1,412.10",17354,17354,Fortnightly,4770.0,17354.0,Weekly,Yes,6294.0
2019-2020,Wodonga City Council,Regional City,37.5,2.4,"43,207",46.0,0.4,1.2,0.8,44.5,1.1,3.7,1.0,0.3,1.6,0.3,1.7,0.4,1.3,11.3,6.9,392,"53,368","57,239",81.4,"1,412.10",17509,17509,Fortnightly,4669.0,17509.0,Weekly,Yes,8051.0
2020-2021,Wodonga City Council,Regional City,37.5,2.4,"43,207",46.0,0.4,1.2,0.8,44.5,1.1,3.7,1.0,0.3,1.6,0.3,1.7,0.4,1.3,11.3,6.9,392,"53,368","57,239",81.4,"1,412.10",17795,17795,Fortnightly,4847.0,17795.0,Weekly,Yes,9296.0
2021-2022,Wodonga City Council,Regional City,37.5,2.4,"43,207",46.0,0.4,1.2,0.8,44.5,1.1,3.7,1.0,0.3,1.6,0.3,1.7,0.4,1.3,11.3,6.9,392,"53,368","57,239",81.4,"1,412.10",17896,17896,Fortnightly,5208.0,17896.0,Weekly,Yes,9951.22
2022-2023,Wodonga City Council,Regional City,37.5,2.4,"43,207",46.0,0.4,1.2,0.8,44.5,1.1,3.7,1.0,0.3,1.6,0.3,1.7,0.4,1.3,11.3,6.9,392,"53,368","57,239",81.4,"1,412.10",18084,18876,Fortnightly,5112.5,18623.0,Weekly,Yes,9702.02
2018-2019,Wyndham City Council,Metropolitan Suburb,32.6,3.1,"296,322",35.6,9.9,14.5,2.8,23.4,4.3,2.7,2.8,2.1,7.4,3.3,21.4,1.1,2.9,47.9,49.8,"4,719","54,596","61,764",83.5,"9,342.20",89074,89074,Weekly,48477.0,28435.0,Fortnightly,Yes,7817.0
2019-2020,Wyndham City Council,Metropolitan Suburb,32.6,3.1,"296,322",35.6,9.9,14.5,2.8,23.4,4.3,2.7,2.8,2.1,7.4,3.3,21.4,1.1,2.9,47.9,49.8,"4,719","54,596","61,764",83.5,"9,342.20",107941,91256,Weekly,52403.0,33278.0,Fortnightly,Yes,11252.0
2020-2021,Wyndham City Council,Metropolitan Suburb,32.6,3.1,"296,322",35.6,9.9,14.5,2.8,23.4,4.3,2.7,2.8,2.1,7.4,3.3,21.4,1.1,2.9,47.9,49.8,"4,719","54,596","61,764",83.5,"9,342.20",114175,96488,Weekly,57282.0,33624.0,Fortnightly,Yes,13001.0
2021-2022,Wyndham City Council,Metropolitan Suburb,32.6,3.1,"296,322",35.6,9.9,14.5,2.8,23.4,4.3,2.7,2.8,2.1,7.4,3.3,21.4,1.1,2.9,47.9,49.8,"4,719","54,596","61,764",83.5,"9,342.20",110099,100957,Weekly,59152.2,38334.0,Fortnightly,Yes,14934.44
2022-2023,Wyndham City Council,Metropolitan Suburb,32.6,3.1,"296,322",35.6,9.9,14.5,2.8,23.4,4.3,2.7,2.8,2.1,7.4,3.3,21.4,1.1,2.9,47.9,49.8,"4,719","54,596","61,764",83.5,"9,342.20",103927,105146,Weekly,58169.55,42990.0,Fortnightly,Yes,14438.23
2018-2019,Yarra City Council,Metropolitan Suburb,34.5,2.0,"91,521",25.9,2.4,0.8,3.4,59.6,3.1,7.2,3.4,1.1,5.5,2.5,1.4,2.6,1.7,28.6,20.0,"-2,244","67,032","82,909",81.0,"5,709.40",46927,46927,Weekly,14428.0,,,,
2019-2020,Yarra City Council,Metropolitan Suburb,34.5,2.0,"91,521",25.9,2.4,0.8,3.4,59.6,3.1,7.2,3.4,1.1,5.5,2.5,1.4,2.6,1.7,28.6,20.0,"-2,244","67,032","82,909",81.0,"5,709.40",46987,58820,Weekly,14895.0,,,,
2020-2021,Yarra City Council,Metropolitan Suburb,34.5,2.0,"91,521",25.9,2.4,0.8,3.4,59.6,3.1,7.2,3.4,1.1,5.5,2.5,1.4,2.6,1.7,28.6,20.0,"-2,244","67,032","82,909",81.0,"5,709.40",46997,58820,Weekly,14895.0,,,,
2021-2022,Yarra City Council,Metropolitan Suburb,34.5,2.0,"91,521",25.9,2.4,0.8,3.4,59.6,3.1,7.2,3.4,1.1,5.5,2.5,1.4,2.6,1.7,28.6,20.0,"-2,244","67,032","82,909",81.0,"5,709.40",50417,50417,Weekly,15390.0,1300.0,Weekly,Yes,214.88
2022-2023,Yarra City Council,Metropolitan Suburb,34.5,2.0,"91,521",25.9,2.4,0.8,3.4,59.6,3.1,7.2,3.4,1.1,5.5,2.5,1.4,2.6,1.7,28.6,20.0,"-2,244","67,032","82,909",81.0,"5,709.40",50858,41071,Weekly,15542.0,1400.0,Weekly,Yes,200.25
2018-2019,Yarra Ranges Shire Council,Peri-Urban Area,40.1,2.7,"157,421",37.8,0.3,0.5,1.0,53.9,1.3,7.9,1.5,0.4,2.1,0.9,1.1,0.8,0.8,16.8,8.0,"-1,656","53,719","61,830",77.7,"5,823.90",59910,59910,Weekly,29308.0,32729.0,Fortnightly,,11544.0
2019-2020,Yarra Ranges Shire Council,Peri-Urban Area,40.1,2.7,"157,421",37.8,0.3,0.5,1.0,53.9,1.3,7.9,1.5,0.4,2.1,0.9,1.1,0.8,0.8,16.8,8.0,"-1,656","53,719","61,830",77.7,"5,823.90",60426,60426,Weekly,29775.0,35037.0,Fortnightly,,14409.0
2020-2021,Yarra Ranges Shire Council,Peri-Urban Area,40.1,2.7,"157,421",37.8,0.3,0.5,1.0,53.9,1.3,7.9,1.5,0.4,2.1,0.9,1.1,0.8,0.8,16.8,8.0,"-1,656","53,719","61,830",77.7,"5,823.90",60851,60851,Weekly,31619.0,37325.0,Fortnightly,,15401.0
2021-2022,Yarra Ranges Shire Council,Peri-Urban Area,40.1,2.7,"157,421",37.8,0.3,0.5,1.0,53.9,1.3,7.9,1.5,0.4,2.1,0.9,1.1,0.8,0.8,16.8,8.0,"-1,656","53,719","61,830",77.7,"5,823.90",61713,59581,Weekly,31230.0,36607.0,Fortnightly,No,14940.0
2022-2023,Yarra Ranges Shire Council,Peri-Urban Area,40.1,2.7,"157,421",37.8,0.3,0.5,1.0,53.9,1.3,7.9,1.5,0.4,2.1,0.9,1.1,0.8,0.8,16.8,8.0,"-1,656","53,719","61,830",77.7,"5,823.90",54059,61601,Weekly,30248.58,37697.0,Fortnightly,No,16004.0
2018-2019,Yarriambiack Shire Council,Rural Area,51.9,2.1,"6,510",52.1,0.5,0.5,0.5,36.8,0.9,2.6,0.5,0.2,0.8,0.2,0.9,0.5,0.3,6.7,2.9,-101,"43,791","47,241",60.7,236.3,3061,3061,Weekly,1782.0,,,,
2019-2020,Yarriambiack Shire Council,Rural Area,51.9,2.1,"6,510",52.1,0.5,0.5,0.5,36.8,0.9,2.6,0.5,0.2,0.8,0.2,0.9,0.5,0.3,6.7,2.9,-101,"43,791","47,241",60.7,236.3,2800,3186,Weekly,2190.0,,,,
2020-2021,Yarriambiack Shire Council,Rural Area,51.9,2.1,"6,510",52.1,0.5,0.5,0.5,36.8,0.9,2.6,0.5,0.2,0.8,0.2,0.9,0.5,0.3,6.7,2.9,-101,"43,791","47,241",60.7,236.3,3559,3216,Weekly,2093.0,,,,
2021-2022,Yarriambiack Shire Council,Rural Area,51.9,2.1,"6,510",52.1,0.5,0.5,0.5,36.8,0.9,2.6,0.5,0.2,0.8,0.2,0.9,0.5,0.3,6.7,2.9,-101,"43,791","47,241",60.7,236.3,2762,2762,Weekly,2006.0,,,,
2022-2023,Yarriambiack Shire Council,Rural Area,51.9,2.1,"6,510",52.1,0.5,0.5,0.5,36.8,0.9,2.6,0.5,0.2,0.8,0.2,0.9,0.5,0.3,6.7,2.9,-101,"43,791","47,241",60.7,236.3,3002,2711,Weekly,1826.59,,,,
